star_id,time_days,flux,flux_error,transit
1,0.0,1.0017192820968435,0.0015,0
1,0.04008016032064128,0.9997305640697938,0.0015,0
1,0.08016032064128256,1.0024428806564005,0.0015,0
1,0.12024048096192384,1.0027530099463735,0.0015,0
1,0.16032064128256512,0.9984388321734219,0.0015,0
1,0.2004008016032064,0.9994335708040003,0.0015,0
1,0.24048096192384769,1.0015982610346525,0.0015,0
1,0.280561122244489,1.0009499767217693,0.0015,0
1,0.32064128256513025,0.987914422356983,0.0015,1
1,0.3607214428857715,0.9843611683461998,0.0015,1
1,0.4008016032064128,0.9847869327754484,0.0015,1
1,0.4408817635270541,0.986971656244104,0.0015,1
1,0.48096192384769537,1.0015845607518208,0.0015,0
1,0.5210420841683366,1.0031828951113466,0.0015,0
1,0.561122244488978,1.0021978850343678,0.0015,0
1,0.6012024048096192,1.000210333234363,0.0015,0
1,0.6412825651302605,1.0020531087695113,0.0015,0
1,0.6813627254509018,1.0000604281941572,0.0015,0
1,0.721442885771543,1.0028132574791042,0.0015,0
1,0.7615230460921844,1.0014155876245965,0.0015,0
1,0.8016032064128256,1.001206148549074,0.0015,0
1,0.8416833667334669,1.0004530936238636,0.0015,0
1,0.8817635270541082,1.0032974376251005,0.0015,0
1,0.9218436873747494,1.001219074958336,0.0015,0
1,0.9619238476953907,1.0007937434086773,0.0015,0
1,1.002004008016032,1.0008915421110591,0.0015,0
1,1.0420841683366733,1.002199876187975,0.0015,0
1,1.0821643286573146,1.0019294348783463,0.0015,0
1,1.122244488977956,1.0019784365389937,0.0015,0
1,1.1623246492985972,1.0019818788151842,0.0015,0
1,1.2024048096192383,1.0045226999085113,0.0015,0
1,1.2424849699398797,1.0006734915816926,0.0015,0
1,1.282565130260521,1.00048597510364,0.0015,0
1,1.3226452905811623,1.0000032819260523,0.0015,0
1,1.3627254509018036,1.0021159280426597,0.0015,0
1,1.4028056112224447,1.0028518926962449,0.0015,0
1,1.442885771543086,1.0009524892620818,0.0015,0
1,1.4829659318637274,0.9998266980926866,0.0015,0
1,1.5230460921843687,0.9998123267188973,0.0015,0
1,1.56312625250501,1.0019856958601294,0.0015,0
1,1.6032064128256511,1.0020841392566275,0.0015,0
1,1.6432865731462925,1.0017421863841793,0.0015,0
1,1.6833667334669338,0.9998861871614235,0.0015,0
1,1.723446893787575,1.001188545857855,0.0015,0
1,1.7635270541082164,1.0009700972808957,0.0015,0
1,1.8036072144288577,1.0010768372393106,0.0015,0
1,1.8436873747494988,1.002008714242892,0.0015,0
1,1.8837675350701402,1.000988823211285,0.0015,0
1,1.9238476953907815,1.0016228134259264,0.0015,0
1,1.9639278557114228,1.0006560426547666,0.0015,0
1,2.004008016032064,1.0009378663010733,0.0015,0
1,2.0440881763527052,1.0013999802138056,0.0015,0
1,2.0841683366733466,0.9982155885173833,0.0015,0
1,2.124248496993988,0.9998695704342088,0.0015,0
1,2.164328657314629,0.999590821539808,0.0015,0
1,2.2044088176352705,0.9992849834583946,0.0015,0
1,2.244488977955912,0.9997771917028918,0.0015,0
1,2.284569138276553,1.002378676134934,0.0015,0
1,2.3246492985971945,0.9987837002402344,0.0015,0
1,2.3647294589178354,1.0014809404948668,0.0015,0
1,2.4048096192384767,0.997450257442525,0.0015,0
1,2.444889779559118,0.9994183066117229,0.0015,0
1,2.4849699398797593,1.0001109385203129,0.0015,0
1,2.5250501002004007,1.000692489551348,0.0015,0
1,2.565130260521042,1.0008265848547884,0.0015,0
1,2.6052104208416833,1.000896665688344,0.0015,0
1,2.6452905811623246,0.9991308367154211,0.0015,0
1,2.685370741482966,0.9989081239877033,0.0015,0
1,2.7254509018036073,1.000836858363409,0.0015,0
1,2.7655310621242486,0.999211763411064,0.0015,0
1,2.8056112224448895,0.99753466448859,0.0015,0
1,2.845691382765531,0.9976984513329346,0.0015,0
1,2.885771543086172,0.9979701704730579,0.0015,0
1,2.9258517034068134,1.0000468987891216,0.0015,0
1,2.9659318637274548,0.9994675094363881,0.0015,0
1,3.006012024048096,1.000243277605897,0.0015,0
1,3.0460921843687374,0.9985213748765014,0.0015,0
1,3.0861723446893787,0.9993558518007967,0.0015,0
1,3.12625250501002,1.000013357635518,0.0015,0
1,3.1663326653306614,0.9985690791157643,0.0015,0
1,3.2064128256513023,0.9996776399518373,0.0015,0
1,3.2464929859719436,0.9979602702131005,0.0015,0
1,3.286573146292585,0.9983706151254036,0.0015,0
1,3.3266533066132262,0.9983060296952625,0.0015,0
1,3.3667334669338675,0.9970497688916677,0.0015,0
1,3.406813627254509,0.9995403755221188,0.0015,0
1,3.44689378757515,0.998073741846131,0.0015,0
1,3.4869739478957915,0.9987660967090356,0.0015,0
1,3.527054108216433,0.9858538284473013,0.0015,1
1,3.567134268537074,0.9829889225757279,0.0015,1
1,3.6072144288577155,0.9817535327086637,0.0015,1
1,3.6472945891783564,0.983379993021044,0.0015,1
1,3.6873747494989977,0.9979849898152301,0.0015,0
1,3.727454909819639,0.998480113406098,0.0015,0
1,3.7675350701402803,0.9960502546837905,0.0015,0
1,3.8076152304609217,0.9963939892678453,0.0015,0
1,3.847695390781563,0.9965658677095084,0.0015,0
1,3.8877755511022043,0.9970411826244835,0.0015,0
1,3.9278557114228456,0.9991257431780457,0.0015,0
1,3.967935871743487,0.9971587996590895,0.0015,0
1,4.008016032064128,0.9979426299767457,0.0015,0
1,4.04809619238477,1.0004535002274455,0.0015,0
1,4.0881763527054105,0.9979669809546052,0.0015,0
1,4.128256513026052,0.9996063087976487,0.0015,0
1,4.168336673346693,0.9971002085980266,0.0015,0
1,4.208416833667335,0.9981950188176251,0.0015,0
1,4.248496993987976,0.9970826191846167,0.0015,0
1,4.288577154308617,0.9980055110479223,0.0015,0
1,4.328657314629258,0.9997828542517302,0.0015,0
1,4.368737474949899,0.9959416550016674,0.0015,0
1,4.408817635270541,0.9991964136433563,0.0015,0
1,4.448897795591182,0.998915407359839,0.0015,0
1,4.488977955911824,0.9976834698867308,0.0015,0
1,4.529058116232465,0.9964233434235213,0.0015,0
1,4.569138276553106,0.9987201814206174,0.0015,0
1,4.609218436873747,0.9978391013093949,0.0015,0
1,4.649298597194389,0.9990054765302725,0.0015,0
1,4.68937875751503,0.9987141009755652,0.0015,0
1,4.729458917835671,1.001110558169477,0.0015,0
1,4.7695390781563125,0.998377095616602,0.0015,0
1,4.809619238476953,0.9972307576492508,0.0015,0
1,4.849699398797595,0.9990663891143267,0.0015,0
1,4.889779559118236,0.9991604986765339,0.0015,0
1,4.929859719438878,1.000903826474801,0.0015,0
1,4.969939879759519,1.00015372221394,0.0015,0
1,5.01002004008016,0.9994737943369965,0.0015,0
1,5.050100200400801,1.0011722482162295,0.0015,0
1,5.090180360721443,0.9972342789370431,0.0015,0
1,5.130260521042084,0.9980991974338207,0.0015,0
1,5.170340681362725,0.9977115800322623,0.0015,0
1,5.210420841683367,0.9985605112935477,0.0015,0
1,5.2505010020040075,0.9971250850139592,0.0015,0
1,5.290581162324649,1.0001887769847082,0.0015,0
1,5.33066132264529,0.9989496414929294,0.0015,0
1,5.370741482965932,0.9971246189891025,0.0015,0
1,5.410821643286573,0.9978561786919607,0.0015,0
1,5.4509018036072145,0.9998993399102495,0.0015,0
1,5.490981963927855,1.0007365196712477,0.0015,0
1,5.531062124248497,1.0025253606487792,0.0015,0
1,5.571142284569138,1.0039526003980699,0.0015,0
1,5.611222444889779,1.0002555044305583,0.0015,0
1,5.651302605210421,0.9982021404733642,0.0015,0
1,5.691382765531062,0.9965413413805351,0.0015,0
1,5.731462925851703,1.000194278377967,0.0015,0
1,5.771543086172344,0.9986268681816273,0.0015,0
1,5.811623246492986,0.9992770115073522,0.0015,0
1,5.851703406813627,0.9990357991230703,0.0015,0
1,5.891783567134269,0.9997967145178082,0.0015,0
1,5.9318637274549095,1.0016608174947148,0.0015,0
1,5.971943887775551,1.000351286262955,0.0015,0
1,6.012024048096192,0.9999314776720405,0.0015,0
1,6.052104208416833,0.998669446550924,0.0015,0
1,6.092184368737475,0.9977641115203738,0.0015,0
1,6.132264529058116,0.9995995254770886,0.0015,0
1,6.1723446893787575,1.000300739167499,0.0015,0
1,6.212424849699398,1.003085239921615,0.0015,0
1,6.25250501002004,1.00068012808897,0.0015,0
1,6.292585170340681,1.002009569546059,0.0015,0
1,6.332665330661323,0.9998365679027614,0.0015,0
1,6.372745490981964,0.9988573889480714,0.0015,0
1,6.4128256513026045,0.9992356012359433,0.0015,0
1,6.452905811623246,0.9996430248200805,0.0015,0
1,6.492985971943887,1.0039702102249772,0.0015,0
1,6.533066132264529,0.9995910611286449,0.0015,0
1,6.57314629258517,1.0021254452279607,0.0015,0
1,6.613226452905812,0.9995567680043791,0.0015,0
1,6.6533066132264524,1.0023507864880183,0.0015,0
1,6.693386773547094,1.001571887762841,0.0015,0
1,6.733466933867735,0.9869918799337226,0.0015,1
1,6.773547094188377,0.9841201568297847,0.0015,1
1,6.813627254509018,0.982442014439515,0.0015,1
1,6.853707414829659,0.9872178339568658,0.0015,1
1,6.8937875751503,1.0004968510858203,0.0015,0
1,6.933867735470941,0.9993734942926185,0.0015,0
1,6.973947895791583,0.9993260048566854,0.0015,0
1,7.014028056112224,1.0015311928940585,0.0015,0
1,7.054108216432866,1.003668701173846,0.0015,0
1,7.0941883767535066,1.0015661225376296,0.0015,0
1,7.134268537074148,1.0011725322735572,0.0015,0
1,7.174348697394789,1.001801835917073,0.0015,0
1,7.214428857715431,1.0033529293084937,0.0015,0
1,7.254509018036072,1.0017420265229837,0.0015,0
1,7.294589178356713,1.0008137594643414,0.0015,0
1,7.3346693386773545,1.0031049301242458,0.0015,0
1,7.374749498997995,1.0021021078137349,0.0015,0
1,7.414829659318637,1.0037741951495118,0.0015,0
1,7.454909819639278,1.0017550977351053,0.0015,0
1,7.49498997995992,0.9996513118282461,0.0015,0
1,7.535070140280561,0.9994416201978832,0.0015,0
1,7.575150300601202,1.003974161278027,0.0015,0
1,7.615230460921843,1.004085240045269,0.0015,0
1,7.655310621242485,1.0012304938779484,0.0015,0
1,7.695390781563126,1.0009230820588908,0.0015,0
1,7.735470941883767,1.0036861814019573,0.0015,0
1,7.775551102204409,0.999827664923691,0.0015,0
1,7.8156312625250495,1.0001384354436447,0.0015,0
1,7.855711422845691,1.0024358927060182,0.0015,0
1,7.895791583166332,1.0008674678421283,0.0015,0
1,7.935871743486974,1.0014382771266426,0.0015,0
1,7.975951903807615,1.0011855087285555,0.0015,0
1,8.016032064128256,1.0019198965815468,0.0015,0
1,8.056112224448897,1.0035057899438116,0.0015,0
1,8.09619238476954,1.0015096721635968,0.0015,0
1,8.13627254509018,1.0023171527844579,0.0015,0
1,8.176352705410821,0.9982516875569438,0.0015,0
1,8.216432865731463,1.0012278519879512,0.0015,0
1,8.256513026052104,1.00000838450424,0.0015,0
1,8.296593186372744,0.9994156629211615,0.0015,0
1,8.336673346693386,0.9998956968259621,0.0015,0
1,8.376753507014028,1.0006792134046594,0.0015,0
1,8.41683366733467,1.002520197987106,0.0015,0
1,8.45691382765531,0.999121217193918,0.0015,0
1,8.496993987975952,1.0011197780859036,0.0015,0
1,8.537074148296593,1.0003092116037884,0.0015,0
1,8.577154308617233,1.000504250998483,0.0015,0
1,8.617234468937875,1.002458903627,0.0015,0
1,8.657314629258517,1.0017197107073217,0.0015,0
1,8.697394789579159,1.0028752244394847,0.0015,0
1,8.737474949899799,1.0005928337279368,0.0015,0
1,8.77755511022044,0.9997350761736126,0.0015,0
1,8.817635270541082,1.000396591600741,0.0015,0
1,8.857715430861724,1.0010485669579858,0.0015,0
1,8.897795591182364,1.0009012375098467,0.0015,0
1,8.937875751503006,0.9989605275138771,0.0015,0
1,8.977955911823647,1.0006728166523855,0.0015,0
1,9.018036072144287,1.0008287017824702,0.0015,0
1,9.05811623246493,1.00421121824191,0.0015,0
1,9.098196392785571,1.0031983590478681,0.0015,0
1,9.138276553106213,0.9990508162819239,0.0015,0
1,9.178356713426853,0.9998467674998117,0.0015,0
1,9.218436873747494,0.9980294812111972,0.0015,0
1,9.258517034068136,0.9992850946474737,0.0015,0
1,9.298597194388778,1.0005908521323494,0.0015,0
1,9.338677354709418,1.0018723625289923,0.0015,0
1,9.37875751503006,0.9989160115286555,0.0015,0
1,9.418837675350701,0.9989744603409431,0.0015,0
1,9.458917835671341,0.9966808465277618,0.0015,0
1,9.498997995991983,0.9996040083715914,0.0015,0
1,9.539078156312625,0.9982008095120412,0.0015,0
1,9.579158316633267,0.9989469618977037,0.0015,0
1,9.619238476953907,0.9983728548017649,0.0015,0
1,9.659318637274549,0.9994941806455231,0.0015,0
1,9.69939879759519,0.9969468820093771,0.0015,0
1,9.739478957915832,0.9973313458831384,0.0015,0
1,9.779559118236472,1.0026748293354835,0.0015,0
1,9.819639278557114,0.9974995414153189,0.0015,0
1,9.859719438877756,0.9977359503158127,0.0015,0
1,9.899799599198396,1.0020877532681405,0.0015,0
1,9.939879759519037,0.9894905868839476,0.0015,1
1,9.97995991983968,0.9801417113600971,0.0015,1
1,10.02004008016032,0.9813007187932306,0.0015,1
1,10.06012024048096,0.9855074717213892,0.0015,1
1,10.100200400801603,1.0016958814389627,0.0015,0
1,10.140280561122244,0.9975798918578124,0.0015,0
1,10.180360721442886,0.9986508194560335,0.0015,0
1,10.220440881763526,1.0001445712150179,0.0015,0
1,10.260521042084168,0.9995918644518086,0.0015,0
1,10.30060120240481,0.9983380038617158,0.0015,0
1,10.34068136272545,0.9986654467898541,0.0015,0
1,10.380761523046091,0.9967692480936189,0.0015,0
1,10.420841683366733,0.9984412538242298,0.0015,0
1,10.460921843687375,0.9983674107098645,0.0015,0
1,10.501002004008015,0.9990853199486724,0.0015,0
1,10.541082164328657,0.9978757818490432,0.0015,0
1,10.581162324649299,0.9993894590317183,0.0015,0
1,10.62124248496994,1.0001763090042661,0.0015,0
1,10.66132264529058,0.9988672010020238,0.0015,0
1,10.701402805611222,0.9991402810549932,0.0015,0
1,10.741482965931864,0.9986727643024418,0.0015,0
1,10.781563126252504,0.9985753635006408,0.0015,0
1,10.821643286573146,0.9974769493099783,0.0015,0
1,10.861723446893787,0.9990199416634334,0.0015,0
1,10.901803607214429,0.9983870669744156,0.0015,0
1,10.941883767535069,1.00166244441973,0.0015,0
1,10.98196392785571,1.0008743312133648,0.0015,0
1,11.022044088176353,0.9990865982725272,0.0015,0
1,11.062124248496994,0.9973587032674311,0.0015,0
1,11.102204408817634,0.9968320694410134,0.0015,0
1,11.142284569138276,1.0002867389422416,0.0015,0
1,11.182364729458918,0.9988954273674392,0.0015,0
1,11.222444889779558,0.9992247371502005,0.0015,0
1,11.2625250501002,0.9958927969131744,0.0015,0
1,11.302605210420841,0.9999079161279074,0.0015,0
1,11.342685370741483,0.9992073909225929,0.0015,0
1,11.382765531062123,0.9968710242464056,0.0015,0
1,11.422845691382765,0.99784218664896,0.0015,0
1,11.462925851703407,0.9989597304137063,0.0015,0
1,11.503006012024048,0.9986593937129723,0.0015,0
1,11.543086172344688,0.998160812402839,0.0015,0
1,11.58316633266533,0.9984640254230113,0.0015,0
1,11.623246492985972,0.9982632672522275,0.0015,0
1,11.663326653306612,0.9988938109939777,0.0015,0
1,11.703406813627254,1.000897666788853,0.0015,0
1,11.743486973947896,0.9948675975183001,0.0015,0
1,11.783567134268537,0.9983911257363903,0.0015,0
1,11.823647294589177,0.9990416080303934,0.0015,0
1,11.863727454909819,0.9992528515688938,0.0015,0
1,11.90380761523046,0.9982845513798896,0.0015,0
1,11.943887775551103,0.9962424012929063,0.0015,0
1,11.983967935871743,0.9994059905812981,0.0015,0
1,12.024048096192384,1.001542941487592,0.0015,0
1,12.064128256513026,0.9966903992194834,0.0015,0
1,12.104208416833666,1.000327514030903,0.0015,0
1,12.144288577154308,0.9985808178657399,0.0015,0
1,12.18436873747495,0.9990246517403599,0.0015,0
1,12.224448897795591,0.9975814662308924,0.0015,0
1,12.264529058116231,0.9987043914865662,0.0015,0
1,12.304609218436873,1.001202431821316,0.0015,0
1,12.344689378757515,1.0001736045085126,0.0015,0
1,12.384769539078157,1.0019462521459794,0.0015,0
1,12.424849699398797,1.0011629097107462,0.0015,0
1,12.464929859719438,1.0001052096608811,0.0015,0
1,12.50501002004008,1.002112985391222,0.0015,0
1,12.54509018036072,1.000206728135478,0.0015,0
1,12.585170340681362,1.0008419600932619,0.0015,0
1,12.625250501002004,0.999207378506543,0.0015,0
1,12.665330661322646,0.9998047608203446,0.0015,0
1,12.705410821643286,0.9987118953626757,0.0015,0
1,12.745490981963927,1.0012958091382256,0.0015,0
1,12.785571142284569,0.9980976239690436,0.0015,0
1,12.825651302605209,1.001092425688636,0.0015,0
1,12.86573146292585,0.9996868493132326,0.0015,0
1,12.905811623246493,1.0017836574308134,0.0015,0
1,12.945891783567134,1.0012070164994171,0.0015,0
1,12.985971943887774,1.002865504025889,0.0015,0
1,13.026052104208416,1.0012843444945962,0.0015,0
1,13.066132264529058,0.9978835262115413,0.0015,0
1,13.1062124248497,1.000194248329923,0.0015,0
1,13.14629258517034,0.9839928796189013,0.0015,1
1,13.186372745490981,0.9819367864397943,0.0015,1
1,13.226452905811623,0.9858269177715618,0.0015,1
1,13.266533066132263,0.9876514802236894,0.0015,1
1,13.306613226452905,0.9995046646525793,0.0015,0
1,13.346693386773547,0.9990822773828629,0.0015,0
1,13.386773547094188,1.000701039542135,0.0015,0
1,13.426853707414828,0.9988751955534312,0.0015,0
1,13.46693386773547,0.999740588803357,0.0015,0
1,13.507014028056112,1.001261609771265,0.0015,0
1,13.547094188376754,1.0025718329519353,0.0015,0
1,13.587174348697394,1.0017961908451924,0.0015,0
1,13.627254509018035,0.9974891553390682,0.0015,0
1,13.667334669338677,1.0014244821863265,0.0015,0
1,13.707414829659317,1.001116572319802,0.0015,0
1,13.747494989979959,1.0016686421032401,0.0015,0
1,13.7875751503006,1.0035100499216703,0.0015,0
1,13.827655310621243,0.9980274016323308,0.0015,0
1,13.867735470941883,1.000270675216317,0.0015,0
1,13.907815631262524,1.0020772634164796,0.0015,0
1,13.947895791583166,0.998850544734559,0.0015,0
1,13.987975951903808,1.0034673096766522,0.0015,0
1,14.028056112224448,1.0018347487580737,0.0015,0
1,14.06813627254509,1.002579258209209,0.0015,0
1,14.108216432865731,1.0004784406273002,0.0015,0
1,14.148296593186371,1.0025792480750306,0.0015,0
1,14.188376753507013,1.0029832980951228,0.0015,0
1,14.228456913827655,1.0017501093574892,0.0015,0
1,14.268537074148297,1.0017707824342412,0.0015,0
1,14.308617234468937,1.0018412481264543,0.0015,0
1,14.348697394789578,1.0001554095266354,0.0015,0
1,14.38877755511022,1.001241951527419,0.0015,0
1,14.428857715430862,1.0012453842540165,0.0015,0
1,14.468937875751502,1.0020582745986573,0.0015,0
1,14.509018036072144,1.0029900164989483,0.0015,0
1,14.549098196392785,0.9999076437255717,0.0015,0
1,14.589178356713425,1.0013111667288497,0.0015,0
1,14.629258517034067,1.0037221565442827,0.0015,0
1,14.669338677354709,1.0003839426774805,0.0015,0
1,14.70941883767535,1.0002633614809626,0.0015,0
1,14.74949899799599,1.001795670318994,0.0015,0
1,14.789579158316633,1.0027523322359986,0.0015,0
1,14.829659318637274,1.0014945142029228,0.0015,0
1,14.869739478957916,1.0034605247687243,0.0015,0
1,14.909819639278556,1.0027400850327124,0.0015,0
1,14.949899799599198,1.002703551522436,0.0015,0
1,14.98997995991984,1.0022560589364995,0.0015,0
1,15.03006012024048,1.004898582621372,0.0015,0
1,15.070140280561121,1.0010797582589068,0.0015,0
1,15.110220440881763,0.9983608195781122,0.0015,0
1,15.150300601202405,1.0037493188765108,0.0015,0
1,15.190380761523045,1.000631484579093,0.0015,0
1,15.230460921843687,1.0014532450849505,0.0015,0
1,15.270541082164328,1.003227469875978,0.0015,0
1,15.31062124248497,0.998829839303243,0.0015,0
1,15.35070140280561,0.9993242466097155,0.0015,0
1,15.390781563126252,0.9987667341705021,0.0015,0
1,15.430861723446894,0.9999428679076556,0.0015,0
1,15.470941883767534,1.0017574808885916,0.0015,0
1,15.511022044088175,1.001846840399461,0.0015,0
1,15.551102204408817,1.0014361300660835,0.0015,0
1,15.591182364729459,0.9988624079028205,0.0015,0
1,15.631262525050099,0.9974749692496738,0.0015,0
1,15.67134268537074,1.0009790058216106,0.0015,0
1,15.711422845691382,1.0001460009879295,0.0015,0
1,15.751503006012024,1.001497828542858,0.0015,0
1,15.791583166332664,1.0018157185492989,0.0015,0
1,15.831663326653306,1.000923201340739,0.0015,0
1,15.871743486973948,1.0018081635190952,0.0015,0
1,15.911823647294588,1.0009630412228325,0.0015,0
1,15.95190380761523,1.0013647801381667,0.0015,0
1,15.991983967935871,0.999462394863317,0.0015,0
1,16.03206412825651,1.000199037140842,0.0015,0
1,16.072144288577153,1.000712061672885,0.0015,0
1,16.112224448897795,1.0015955939904586,0.0015,0
1,16.152304609218437,0.9997216211705316,0.0015,0
1,16.19238476953908,1.0010410113960397,0.0015,0
1,16.23246492985972,0.9998071943930262,0.0015,0
1,16.27254509018036,0.9999760648702951,0.0015,0
1,16.312625250501,1.0013428850286077,0.0015,0
1,16.352705410821642,0.9819408680764469,0.0015,1
1,16.392785571142284,0.9801357368258766,0.0015,1
1,16.432865731462925,0.9813413761748512,0.0015,1
1,16.472945891783567,0.9827967390574323,0.0015,1
1,16.51302605210421,0.998811833019639,0.0015,0
1,16.55310621242485,1.0008998896468866,0.0015,0
1,16.59318637274549,0.9992952120368312,0.0015,0
1,16.63326653306613,0.9999663816683392,0.0015,0
1,16.673346693386772,1.0012511086529683,0.0015,0
1,16.713426853707414,1.0015568927525997,0.0015,0
1,16.753507014028056,0.9994103002716328,0.0015,0
1,16.793587174348698,1.0014936585623253,0.0015,0
1,16.83366733466934,0.999551436852175,0.0015,0
1,16.873747494989978,0.9981078759963422,0.0015,0
1,16.91382765531062,0.9984239223683866,0.0015,0
1,16.95390781563126,0.9970471534903261,0.0015,0
1,16.993987975951903,0.9978891401934639,0.0015,0
1,17.034068136272545,0.998638706337768,0.0015,0
1,17.074148296593187,1.0003365660001469,0.0015,0
1,17.11422845691383,1.0016689246684225,0.0015,0
1,17.154308617234467,0.9969722596375618,0.0015,0
1,17.19438877755511,0.9995937703015317,0.0015,0
1,17.23446893787575,0.9974039986411818,0.0015,0
1,17.274549098196392,0.9996384852911813,0.0015,0
1,17.314629258517034,0.9986928241106634,0.0015,0
1,17.354709418837675,0.9961075469596689,0.0015,0
1,17.394789579158317,1.0002122859850784,0.0015,0
1,17.43486973947896,0.9978798014999147,0.0015,0
1,17.474949899799597,0.9979554836631832,0.0015,0
1,17.51503006012024,0.9971223463127636,0.0015,0
1,17.55511022044088,0.9977178383752497,0.0015,0
1,17.595190380761522,0.9993150706258174,0.0015,0
1,17.635270541082164,0.9983650571256425,0.0015,0
1,17.675350701402806,0.9991193537723811,0.0015,0
1,17.715430861723448,0.9991484583405363,0.0015,0
1,17.755511022044086,1.0005675873910236,0.0015,0
1,17.795591182364728,0.998055264150233,0.0015,0
1,17.83567134268537,0.9963388564369684,0.0015,0
1,17.87575150300601,1.000141547690078,0.0015,0
1,17.915831663326653,0.9980319412062422,0.0015,0
1,17.955911823647295,1.00019142496157,0.0015,0
1,17.995991983967937,0.9990868806976287,0.0015,0
1,18.036072144288575,0.9983093133608092,0.0015,0
1,18.076152304609217,0.9990253215204772,0.0015,0
1,18.11623246492986,1.0014267529358,0.0015,0
1,18.1563126252505,1.0016157221876583,0.0015,0
1,18.196392785571142,0.998606281255122,0.0015,0
1,18.236472945891784,0.9987463919265225,0.0015,0
1,18.276553106212425,1.0001262960401183,0.0015,0
1,18.316633266533067,0.9972511997609481,0.0015,0
1,18.356713426853705,0.9990289680774332,0.0015,0
1,18.396793587174347,0.9985021426414702,0.0015,0
1,18.43687374749499,0.9990252618332746,0.0015,0
1,18.47695390781563,0.9973196796953734,0.0015,0
1,18.517034068136272,0.9962025659947678,0.0015,0
1,18.557114228456914,0.9954964551147569,0.0015,0
1,18.597194388777556,0.9969506712316375,0.0015,0
1,18.637274549098194,0.9979613287645165,0.0015,0
1,18.677354709418836,0.9982338965213795,0.0015,0
1,18.717434869739478,1.001605589271223,0.0015,0
1,18.75751503006012,1.0003864739023844,0.0015,0
1,18.79759519038076,0.9973137352859814,0.0015,0
1,18.837675350701403,0.9993094315133193,0.0015,0
1,18.877755511022045,0.9982098170016626,0.0015,0
1,18.917835671342683,0.9984279806242633,0.0015,0
1,18.957915831663325,0.9991680892648821,0.0015,0
1,18.997995991983966,0.9998558682222795,0.0015,0
1,19.03807615230461,0.9984566230271813,0.0015,0
1,19.07815631262525,1.0006010260151192,0.0015,0
1,19.118236472945892,0.9973333666708031,0.0015,0
1,19.158316633266534,0.9990980421367516,0.0015,0
1,19.198396793587175,1.003028483216432,0.0015,0
1,19.238476953907814,0.9995111546584075,0.0015,0
1,19.278557114228455,1.0013719848876401,0.0015,0
1,19.318637274549097,0.9994060780952082,0.0015,0
1,19.35871743486974,1.0001875444370567,0.0015,0
1,19.39879759519038,0.9992796696588373,0.0015,0
1,19.438877755511022,0.9991585207047514,0.0015,0
1,19.478957915831664,0.9982949542929144,0.0015,0
1,19.519038076152302,1.000160369157917,0.0015,0
1,19.559118236472944,0.982616872994674,0.0015,1
1,19.599198396793586,0.9826177049262355,0.0015,1
1,19.639278557114228,0.985484829022516,0.0015,1
1,19.67935871743487,0.9867725670057413,0.0015,1
1,19.71943887775551,0.9993473166562777,0.0015,0
1,19.759519038076153,1.0005111335535204,0.0015,0
1,19.79959919839679,0.999420890790523,0.0015,0
1,19.839679358717433,1.001341086498577,0.0015,0
1,19.879759519038075,0.9972446026593192,0.0015,0
1,19.919839679358716,0.9995422574346993,0.0015,0
1,19.95991983967936,0.9971133480947657,0.0015,0
1,20.0,0.9979107435918741,0.0015,0
2,0.0,1.0034097394849595,0.0015,0
2,0.04008016032064128,1.002683389034354,0.0015,0
2,0.08016032064128256,1.0002363217157346,0.0015,0
2,0.12024048096192384,0.9990350149119958,0.0015,0
2,0.16032064128256512,0.9968135370420548,0.0015,0
2,0.2004008016032064,1.000415016216652,0.0015,0
2,0.24048096192384769,1.0048292190689838,0.0015,0
2,0.280561122244489,1.0018177088979365,0.0015,0
2,0.32064128256513025,1.0002913018529564,0.0015,0
2,0.3607214428857715,1.001792095173557,0.0015,0
2,0.4008016032064128,0.9987154355214827,0.0015,0
2,0.4408817635270541,1.00057191847437,0.0015,0
2,0.48096192384769537,1.0011268329025431,0.0015,0
2,0.5210420841683366,1.0008069137331792,0.0015,0
2,0.561122244488978,1.00207951052802,0.0015,0
2,0.6012024048096192,1.0013663497771719,0.0015,0
2,0.6412825651302605,1.0018068523522072,0.0015,0
2,0.6813627254509018,0.9997257453434649,0.0015,0
2,0.721442885771543,1.002057985982487,0.0015,0
2,0.7615230460921844,1.00310670693239,0.0015,0
2,0.8016032064128256,0.9991592574785036,0.0015,0
2,0.8416833667334669,0.9992333233061673,0.0015,0
2,0.8817635270541082,1.002518197318605,0.0015,0
2,0.9218436873747494,1.0001764930050034,0.0015,0
2,0.9619238476953907,1.0025176294062088,0.0015,0
2,1.002004008016032,0.9906086578728577,0.0015,1
2,1.0420841683366733,0.9921144803014799,0.0015,1
2,1.0821643286573146,0.988641796864469,0.0015,1
2,1.122244488977956,0.9888808016029057,0.0015,1
2,1.1623246492985972,0.9923057821012422,0.0015,1
2,1.2024048096192383,0.9905156067801725,0.0015,1
2,1.2424849699398797,0.9986278234160092,0.0015,0
2,1.282565130260521,0.9993127012386853,0.0015,0
2,1.3226452905811623,1.0006101081707777,0.0015,0
2,1.3627254509018036,0.9975291168392975,0.0015,0
2,1.4028056112224447,1.0007802682038451,0.0015,0
2,1.442885771543086,0.9989624389614321,0.0015,0
2,1.4829659318637274,1.0014391458941316,0.0015,0
2,1.5230460921843687,0.9960732330953315,0.0015,0
2,1.56312625250501,0.9984324055582102,0.0015,0
2,1.6032064128256511,0.9970306844531149,0.0015,0
2,1.6432865731462925,0.9982697438534371,0.0015,0
2,1.6833667334669338,0.9998299235783384,0.0015,0
2,1.723446893787575,0.9991396223274671,0.0015,0
2,1.7635270541082164,0.998979198974055,0.0015,0
2,1.8036072144288577,0.9990721202720232,0.0015,0
2,1.8436873747494988,0.9995685039752594,0.0015,0
2,1.8837675350701402,0.9977040948100311,0.0015,0
2,1.9238476953907815,1.0002316640224627,0.0015,0
2,1.9639278557114228,1.0001209515290814,0.0015,0
2,2.004008016032064,0.999661202323546,0.0015,0
2,2.0440881763527052,0.9998763243007249,0.0015,0
2,2.0841683366733466,0.9994452702434624,0.0015,0
2,2.124248496993988,1.0020136655930376,0.0015,0
2,2.164328657314629,0.9987921713013412,0.0015,0
2,2.2044088176352705,0.998425338662953,0.0015,0
2,2.244488977955912,0.9977202647532528,0.0015,0
2,2.284569138276553,0.99726824227356,0.0015,0
2,2.3246492985971945,0.9969175401724334,0.0015,0
2,2.3647294589178354,0.9974202367917894,0.0015,0
2,2.4048096192384767,0.998618210308885,0.0015,0
2,2.444889779559118,0.9991981226966024,0.0015,0
2,2.4849699398797593,0.9987475288711795,0.0015,0
2,2.5250501002004007,0.9974983687751998,0.0015,0
2,2.565130260521042,0.9999745558193014,0.0015,0
2,2.6052104208416833,0.999712785616526,0.0015,0
2,2.6452905811623246,0.9983453888095664,0.0015,0
2,2.685370741482966,0.9975885130805774,0.0015,0
2,2.7254509018036073,0.9993754085363618,0.0015,0
2,2.7655310621242486,0.9988214792925345,0.0015,0
2,2.8056112224448895,0.996355970321233,0.0015,0
2,2.845691382765531,0.9984167378665586,0.0015,0
2,2.885771543086172,0.9989042259832531,0.0015,0
2,2.9258517034068134,0.9971560208269385,0.0015,0
2,2.9659318637274548,0.9987866528234501,0.0015,0
2,3.006012024048096,0.9963179174760829,0.0015,0
2,3.0460921843687374,1.0005046348132998,0.0015,0
2,3.0861723446893787,1.0003744258251233,0.0015,0
2,3.12625250501002,0.9981278079791394,0.0015,0
2,3.1663326653306614,0.9990577812851412,0.0015,0
2,3.2064128256513023,0.9949056575070154,0.0015,0
2,3.2464929859719436,0.9967958742459768,0.0015,0
2,3.286573146292585,0.9981014844861831,0.0015,0
2,3.3266533066132262,0.9969475970985062,0.0015,0
2,3.3667334669338675,0.9996429040963112,0.0015,0
2,3.406813627254509,1.0015846158122859,0.0015,0
2,3.44689378757515,0.9968429370147878,0.0015,0
2,3.4869739478957915,0.997372653667799,0.0015,0
2,3.527054108216433,0.9990047854453769,0.0015,0
2,3.567134268537074,1.0010927962140554,0.0015,0
2,3.6072144288577155,0.9968687828824994,0.0015,0
2,3.6472945891783564,0.9991038002214108,0.0015,0
2,3.6873747494989977,1.001491739219221,0.0015,0
2,3.727454909819639,0.9963133021094386,0.0015,0
2,3.7675350701402803,0.9969020515819974,0.0015,0
2,3.8076152304609217,0.9982224823783054,0.0015,0
2,3.847695390781563,0.9981127245928453,0.0015,0
2,3.8877755511022043,1.0001496558767702,0.0015,0
2,3.9278557114228456,0.9993317739943028,0.0015,0
2,3.967935871743487,0.9963467056677756,0.0015,0
2,4.008016032064128,0.9998234109881109,0.0015,0
2,4.04809619238477,0.9982263627142854,0.0015,0
2,4.0881763527054105,1.0010478917279901,0.0015,0
2,4.128256513026052,0.9982395072919895,0.0015,0
2,4.168336673346693,0.9982716933973541,0.0015,0
2,4.208416833667335,1.00008504231755,0.0015,0
2,4.248496993987976,1.0004654035856058,0.0015,0
2,4.288577154308617,1.0000417105606623,0.0015,0
2,4.328657314629258,0.9968905290565818,0.0015,0
2,4.368737474949899,1.0002760921932086,0.0015,0
2,4.408817635270541,0.9979683810835721,0.0015,0
2,4.448897795591182,0.9999241813384704,0.0015,0
2,4.488977955911824,0.9974876443612124,0.0015,0
2,4.529058116232465,1.0003451956450258,0.0015,0
2,4.569138276553106,0.9985187001448155,0.0015,0
2,4.609218436873747,0.9978578838305019,0.0015,0
2,4.649298597194389,1.0009060856466374,0.0015,0
2,4.68937875751503,1.0002515549308377,0.0015,0
2,4.729458917835671,0.999021999186273,0.0015,0
2,4.7695390781563125,1.0021736827130576,0.0015,0
2,4.809619238476953,0.9993898898514315,0.0015,0
2,4.849699398797595,1.0001529182089035,0.0015,0
2,4.889779559118236,1.0005618795155238,0.0015,0
2,4.929859719438878,0.9992825579582089,0.0015,0
2,4.969939879759519,1.0009720343871376,0.0015,0
2,5.01002004008016,0.9995180811442134,0.0015,0
2,5.050100200400801,0.9997533200322554,0.0015,0
2,5.090180360721443,1.002466779494017,0.0015,0
2,5.130260521042084,0.9989134272987668,0.0015,0
2,5.170340681362725,0.9969060129133472,0.0015,0
2,5.210420841683367,1.0029917862822857,0.0015,0
2,5.2505010020040075,1.0044488254849178,0.0015,0
2,5.290581162324649,1.0000655738122999,0.0015,0
2,5.33066132264529,0.9978159932406947,0.0015,0
2,5.370741482965932,1.0003023635415356,0.0015,0
2,5.410821643286573,1.0003846002826122,0.0015,0
2,5.4509018036072145,1.0005738408153717,0.0015,0
2,5.490981963927855,0.9902317352398702,0.0015,1
2,5.531062124248497,0.9918957143733141,0.0015,1
2,5.571142284569138,0.9902542261207726,0.0015,1
2,5.611222444889779,0.9868610037676169,0.0015,1
2,5.651302605210421,0.9914556022697935,0.0015,1
2,5.691382765531062,0.9949741582223419,0.0015,1
2,5.731462925851703,1.0013960379619689,0.0015,0
2,5.771543086172344,1.0006665179186505,0.0015,0
2,5.811623246492986,1.0009923916714802,0.0015,0
2,5.851703406813627,1.002159612542984,0.0015,0
2,5.891783567134269,0.9986704504057585,0.0015,0
2,5.9318637274549095,1.0015411353371864,0.0015,0
2,5.971943887775551,1.0007352695206104,0.0015,0
2,6.012024048096192,1.004117409633931,0.0015,0
2,6.052104208416833,1.0011073782176083,0.0015,0
2,6.092184368737475,1.0038916627531311,0.0015,0
2,6.132264529058116,0.9997536156945559,0.0015,0
2,6.1723446893787575,1.0023076871828023,0.0015,0
2,6.212424849699398,1.0019216240663082,0.0015,0
2,6.25250501002004,1.0001528112331017,0.0015,0
2,6.292585170340681,1.001734449972861,0.0015,0
2,6.332665330661323,1.003297207518448,0.0015,0
2,6.372745490981964,1.0010009018990496,0.0015,0
2,6.4128256513026045,0.9989548818436912,0.0015,0
2,6.452905811623246,1.0014707860387613,0.0015,0
2,6.492985971943887,1.0001458626258815,0.0015,0
2,6.533066132264529,1.0009864123150516,0.0015,0
2,6.57314629258517,1.0013760274369958,0.0015,0
2,6.613226452905812,0.9989364770095955,0.0015,0
2,6.6533066132264524,0.9990660794099413,0.0015,0
2,6.693386773547094,1.0022053510739966,0.0015,0
2,6.733466933867735,1.0006889384626565,0.0015,0
2,6.773547094188377,0.9976147594151418,0.0015,0
2,6.813627254509018,1.0026261095557905,0.0015,0
2,6.853707414829659,1.0018424907244086,0.0015,0
2,6.8937875751503,1.0003463607557037,0.0015,0
2,6.933867735470941,0.9994233305785951,0.0015,0
2,6.973947895791583,1.0026318807131802,0.0015,0
2,7.014028056112224,1.0018800042553897,0.0015,0
2,7.054108216432866,1.0049059363950377,0.0015,0
2,7.0941883767535066,1.0019366467034239,0.0015,0
2,7.134268537074148,1.001860558755487,0.0015,0
2,7.174348697394789,1.0009995971975307,0.0015,0
2,7.214428857715431,1.0024445203023657,0.0015,0
2,7.254509018036072,1.0021247737144343,0.0015,0
2,7.294589178356713,1.0030309865230136,0.0015,0
2,7.3346693386773545,1.0003361750890782,0.0015,0
2,7.374749498997995,1.0004283616780711,0.0015,0
2,7.414829659318637,1.0003247319921205,0.0015,0
2,7.454909819639278,1.0021901529199735,0.0015,0
2,7.49498997995992,1.003210776352666,0.0015,0
2,7.535070140280561,1.0002329717877678,0.0015,0
2,7.575150300601202,1.000240897582433,0.0015,0
2,7.615230460921843,1.0013048633408628,0.0015,0
2,7.655310621242485,1.0004197156137553,0.0015,0
2,7.695390781563126,1.0021700284697825,0.0015,0
2,7.735470941883767,0.9973169120081311,0.0015,0
2,7.775551102204409,0.9994062514580483,0.0015,0
2,7.8156312625250495,0.9994235792081596,0.0015,0
2,7.855711422845691,0.9970667915158612,0.0015,0
2,7.895791583166332,0.999051281386403,0.0015,0
2,7.935871743486974,0.9990727755560339,0.0015,0
2,7.975951903807615,1.0000920468802712,0.0015,0
2,8.016032064128256,1.0020108373303762,0.0015,0
2,8.056112224448897,0.9999210403480735,0.0015,0
2,8.09619238476954,0.9986892800518533,0.0015,0
2,8.13627254509018,1.0000966333609438,0.0015,0
2,8.176352705410821,1.0017021545306157,0.0015,0
2,8.216432865731463,0.9986106186421542,0.0015,0
2,8.256513026052104,0.9986547608225261,0.0015,0
2,8.296593186372744,1.0008044861805012,0.0015,0
2,8.336673346693386,0.9995804413037038,0.0015,0
2,8.376753507014028,1.0008301681672005,0.0015,0
2,8.41683366733467,0.9997848491448732,0.0015,0
2,8.45691382765531,1.0008044449469522,0.0015,0
2,8.496993987975952,0.9981462834540165,0.0015,0
2,8.537074148296593,0.9996281144589239,0.0015,0
2,8.577154308617233,0.9992780050308538,0.0015,0
2,8.617234468937875,0.9977185276458328,0.0015,0
2,8.657314629258517,0.9971460633272259,0.0015,0
2,8.697394789579159,1.0004694783651527,0.0015,0
2,8.737474949899799,0.9988647244050392,0.0015,0
2,8.77755511022044,0.9978088186452441,0.0015,0
2,8.817635270541082,0.9991499079755425,0.0015,0
2,8.857715430861724,1.0009390554030786,0.0015,0
2,8.897795591182364,0.9957797455250083,0.0015,0
2,8.937875751503006,0.99691075363003,0.0015,0
2,8.977955911823647,0.9977273339872156,0.0015,0
2,9.018036072144287,1.0012605335522367,0.0015,0
2,9.05811623246493,0.9994509524613809,0.0015,0
2,9.098196392785571,1.000137613671521,0.0015,0
2,9.138276553106213,0.9972372736717648,0.0015,0
2,9.178356713426853,0.997230450522654,0.0015,0
2,9.218436873747494,0.9995451251082577,0.0015,0
2,9.258517034068136,0.9989259241808311,0.0015,0
2,9.298597194388778,0.9996282321719799,0.0015,0
2,9.338677354709418,0.9984917750337012,0.0015,0
2,9.37875751503006,0.9991602422113682,0.0015,0
2,9.418837675350701,0.9989515770293931,0.0015,0
2,9.458917835671341,0.9998540849932197,0.0015,0
2,9.498997995991983,0.9998726804626563,0.0015,0
2,9.539078156312625,0.9962088254980448,0.0015,0
2,9.579158316633267,0.9952459578828735,0.0015,0
2,9.619238476953907,1.0000994959916316,0.0015,0
2,9.659318637274549,1.000360298527571,0.0015,0
2,9.69939879759519,0.9970314486745374,0.0015,0
2,9.739478957915832,0.9957581628637626,0.0015,0
2,9.779559118236472,0.998683880150892,0.0015,0
2,9.819639278557114,0.9999208926712302,0.0015,0
2,9.859719438877756,1.001212243831731,0.0015,0
2,9.899799599198396,0.9992834357933119,0.0015,0
2,9.939879759519037,0.9979464813291352,0.0015,0
2,9.97995991983968,0.9971613633162546,0.0015,0
2,10.02004008016032,0.9889981716880881,0.0015,1
2,10.06012024048096,0.9869241843210274,0.0015,1
2,10.100200400801603,0.9849811324296136,0.0015,1
2,10.140280561122244,0.9904694339168051,0.0015,1
2,10.180360721442886,0.9916868307067269,0.0015,1
2,10.220440881763526,1.0002278456438265,0.0015,0
2,10.260521042084168,0.9971530195268473,0.0015,0
2,10.30060120240481,0.9998292434181628,0.0015,0
2,10.34068136272545,0.9995204540850898,0.0015,0
2,10.380761523046091,0.9992409951712289,0.0015,0
2,10.420841683366733,1.000469678208557,0.0015,0
2,10.460921843687375,0.9995680586054934,0.0015,0
2,10.501002004008015,0.9997466371874338,0.0015,0
2,10.541082164328657,0.9996153535872679,0.0015,0
2,10.581162324649299,0.9991962937364567,0.0015,0
2,10.62124248496994,0.9960365040265108,0.0015,0
2,10.66132264529058,0.9988658333674594,0.0015,0
2,10.701402805611222,0.9979362249189941,0.0015,0
2,10.741482965931864,0.996882453634906,0.0015,0
2,10.781563126252504,1.00135819229601,0.0015,0
2,10.821643286573146,1.0014637197230978,0.0015,0
2,10.861723446893787,1.0009452790230573,0.0015,0
2,10.901803607214429,0.9993269048498982,0.0015,0
2,10.941883767535069,1.0010090254927895,0.0015,0
2,10.98196392785571,0.9990414866789451,0.0015,0
2,11.022044088176353,0.999369185752117,0.0015,0
2,11.062124248496994,0.9974675757284068,0.0015,0
2,11.102204408817634,0.9997472173274219,0.0015,0
2,11.142284569138276,0.9992873546155246,0.0015,0
2,11.182364729458918,0.9972888823712436,0.0015,0
2,11.222444889779558,0.9992131295343184,0.0015,0
2,11.2625250501002,0.9992183144362714,0.0015,0
2,11.302605210420841,1.0020830909398246,0.0015,0
2,11.342685370741483,1.0007777032126985,0.0015,0
2,11.382765531062123,0.9995039147983426,0.0015,0
2,11.422845691382765,0.9999109552374061,0.0015,0
2,11.462925851703407,0.9996557186500246,0.0015,0
2,11.503006012024048,0.9993371862828304,0.0015,0
2,11.543086172344688,0.998070537510261,0.0015,0
2,11.58316633266533,0.9995206173072857,0.0015,0
2,11.623246492985972,0.9986813917167952,0.0015,0
2,11.663326653306612,0.9979786678984979,0.0015,0
2,11.703406813627254,1.0006747647931007,0.0015,0
2,11.743486973947896,1.0005487390728438,0.0015,0
2,11.783567134268537,0.9973357402086129,0.0015,0
2,11.823647294589177,0.9998857134630826,0.0015,0
2,11.863727454909819,1.0016171411891217,0.0015,0
2,11.90380761523046,1.001766113469994,0.0015,0
2,11.943887775551103,1.0017694924579126,0.0015,0
2,11.983967935871743,1.0003422677334532,0.0015,0
2,12.024048096192384,0.999069123261697,0.0015,0
2,12.064128256513026,0.9987635006231078,0.0015,0
2,12.104208416833666,1.0009578103544967,0.0015,0
2,12.144288577154308,1.0010611065992259,0.0015,0
2,12.18436873747495,1.0024738298152274,0.0015,0
2,12.224448897795591,1.0022427467303545,0.0015,0
2,12.264529058116231,1.0004436112501054,0.0015,0
2,12.304609218436873,0.9988239916286259,0.0015,0
2,12.344689378757515,1.0002590934294027,0.0015,0
2,12.384769539078157,1.0011100982512402,0.0015,0
2,12.424849699398797,1.000526609806822,0.0015,0
2,12.464929859719438,1.0000073029495502,0.0015,0
2,12.50501002004008,1.0012967495204665,0.0015,0
2,12.54509018036072,1.000203576614508,0.0015,0
2,12.585170340681362,1.0000582633010573,0.0015,0
2,12.625250501002004,1.0015070962856214,0.0015,0
2,12.665330661322646,1.0004751369904472,0.0015,0
2,12.705410821643286,1.001481096042598,0.0015,0
2,12.745490981963927,1.0015601162225702,0.0015,0
2,12.785571142284569,0.9994750487723981,0.0015,0
2,12.825651302605209,1.0004946801829597,0.0015,0
2,12.86573146292585,1.003403982517964,0.0015,0
2,12.905811623246493,0.9995333588959684,0.0015,0
2,12.945891783567134,0.9981290056282356,0.0015,0
2,12.985971943887774,0.9985370411878707,0.0015,0
2,13.026052104208416,1.0013975745167047,0.0015,0
2,13.066132264529058,1.0014226340668013,0.0015,0
2,13.1062124248497,1.0012204093715475,0.0015,0
2,13.14629258517034,1.0032368702381405,0.0015,0
2,13.186372745490981,0.9974232617427359,0.0015,0
2,13.226452905811623,1.0020414882524693,0.0015,0
2,13.266533066132263,1.0038029454350716,0.0015,0
2,13.306613226452905,0.9997804272363575,0.0015,0
2,13.346693386773547,1.000911793790263,0.0015,0
2,13.386773547094188,1.0003596536078245,0.0015,0
2,13.426853707414828,1.0001530334014372,0.0015,0
2,13.46693386773547,1.0010087863144683,0.0015,0
2,13.507014028056112,1.0036410952699482,0.0015,0
2,13.547094188376754,1.0042556943665308,0.0015,0
2,13.587174348697394,1.0009935118384792,0.0015,0
2,13.627254509018035,1.0043508794726268,0.0015,0
2,13.667334669338677,1.0015405898419516,0.0015,0
2,13.707414829659317,1.0041097729885216,0.0015,0
2,13.747494989979959,1.0013293854813716,0.0015,0
2,13.7875751503006,1.0016541157033847,0.0015,0
2,13.827655310621243,1.0019920499592951,0.0015,0
2,13.867735470941883,1.006196559550423,0.0015,0
2,13.907815631262524,1.0026877998052564,0.0015,0
2,13.947895791583166,1.0003307412178244,0.0015,0
2,13.987975951903808,1.0028241004365068,0.0015,0
2,14.028056112224448,1.0008050467134735,0.0015,0
2,14.06813627254509,1.0005886179189338,0.0015,0
2,14.108216432865731,1.00265988046723,0.0015,0
2,14.148296593186371,1.0013156635929246,0.0015,0
2,14.188376753507013,1.0016573135786542,0.0015,0
2,14.228456913827655,1.0012292380343408,0.0015,0
2,14.268537074148297,1.0016803817482163,0.0015,0
2,14.308617234468937,1.0017786815099483,0.0015,0
2,14.348697394789578,0.998200030974241,0.0015,0
2,14.38877755511022,1.0020681584563218,0.0015,0
2,14.428857715430862,0.9995567058923692,0.0015,0
2,14.468937875751502,0.9988263892832174,0.0015,0
2,14.509018036072144,0.9916451674861321,0.0015,1
2,14.549098196392785,0.9903570600520814,0.0015,1
2,14.589178356713425,0.9878934891558175,0.0015,1
2,14.629258517034067,0.9905584531853532,0.0015,1
2,14.669338677354709,0.9888562067936872,0.0015,1
2,14.70941883767535,0.9911148523435415,0.0015,1
2,14.74949899799599,0.9998004716938979,0.0015,0
2,14.789579158316633,1.0005593331712348,0.0015,0
2,14.829659318637274,1.0009981274034536,0.0015,0
2,14.869739478957916,0.999017858078908,0.0015,0
2,14.909819639278556,1.0015653025524143,0.0015,0
2,14.949899799599198,1.0005219433936632,0.0015,0
2,14.98997995991984,0.9975375286061918,0.0015,0
2,15.03006012024048,0.99738508309451,0.0015,0
2,15.070140280561121,1.0002515956212685,0.0015,0
2,15.110220440881763,0.9998853783797109,0.0015,0
2,15.150300601202405,1.0000081733777961,0.0015,0
2,15.190380761523045,1.000067592720175,0.0015,0
2,15.230460921843687,1.0003940272285916,0.0015,0
2,15.270541082164328,1.001423210881993,0.0015,0
2,15.31062124248497,0.9982811258665354,0.0015,0
2,15.35070140280561,0.9981359401542155,0.0015,0
2,15.390781563126252,0.9982001633920701,0.0015,0
2,15.430861723446894,1.0002199826816889,0.0015,0
2,15.470941883767534,1.0016007634069497,0.0015,0
2,15.511022044088175,0.9990334129276037,0.0015,0
2,15.551102204408817,0.9958753656379886,0.0015,0
2,15.591182364729459,0.9970199009529879,0.0015,0
2,15.631262525050099,0.9982748588557723,0.0015,0
2,15.67134268537074,0.998636959768871,0.0015,0
2,15.711422845691382,0.9988107906066711,0.0015,0
2,15.751503006012024,0.9994318119052923,0.0015,0
2,15.791583166332664,0.9988576975965122,0.0015,0
2,15.831663326653306,1.0008515765034744,0.0015,0
2,15.871743486973948,0.998216726041442,0.0015,0
2,15.911823647294588,0.9978914554749504,0.0015,0
2,15.95190380761523,0.999858480934241,0.0015,0
2,15.991983967935871,0.996793052463127,0.0015,0
2,16.03206412825651,0.999638570287965,0.0015,0
2,16.072144288577153,0.9991666038659941,0.0015,0
2,16.112224448897795,0.9987516293081721,0.0015,0
2,16.152304609218437,1.0013165554890548,0.0015,0
2,16.19238476953908,0.9979635577983987,0.0015,0
2,16.23246492985972,1.0019514714479036,0.0015,0
2,16.27254509018036,0.9984885062193828,0.0015,0
2,16.312625250501,0.9968782763822654,0.0015,0
2,16.352705410821642,0.9988673890480864,0.0015,0
2,16.392785571142284,0.997118451968267,0.0015,0
2,16.432865731462925,0.9975771359768607,0.0015,0
2,16.472945891783567,0.999273945866314,0.0015,0
2,16.51302605210421,0.9994871055358456,0.0015,0
2,16.55310621242485,0.99769755957557,0.0015,0
2,16.59318637274549,1.000090769466066,0.0015,0
2,16.63326653306613,1.0003265732774427,0.0015,0
2,16.673346693386772,1.0007272384779695,0.0015,0
2,16.713426853707414,0.9993512271478713,0.0015,0
2,16.753507014028056,1.0005884385810249,0.0015,0
2,16.793587174348698,0.995710171502122,0.0015,0
2,16.83366733466934,0.9980444835419944,0.0015,0
2,16.873747494989978,0.9972127232655691,0.0015,0
2,16.91382765531062,0.9986858817893334,0.0015,0
2,16.95390781563126,0.9976456130871395,0.0015,0
2,16.993987975951903,0.9982512316499018,0.0015,0
2,17.034068136272545,1.0013233528090533,0.0015,0
2,17.074148296593187,0.9982470739381465,0.0015,0
2,17.11422845691383,0.9991258442978002,0.0015,0
2,17.154308617234467,0.9981621885293087,0.0015,0
2,17.19438877755511,0.9986315266354892,0.0015,0
2,17.23446893787575,0.9985362638505882,0.0015,0
2,17.274549098196392,0.9992109129900776,0.0015,0
2,17.314629258517034,1.0002994677116932,0.0015,0
2,17.354709418837675,1.0010375514515928,0.0015,0
2,17.394789579158317,0.9990476998020444,0.0015,0
2,17.43486973947896,0.9994862326561933,0.0015,0
2,17.474949899799597,0.9968960675093985,0.0015,0
2,17.51503006012024,0.9985127839363248,0.0015,0
2,17.55511022044088,1.000079022080233,0.0015,0
2,17.595190380761522,0.9999932526851685,0.0015,0
2,17.635270541082164,0.9990391159087446,0.0015,0
2,17.675350701402806,1.000080348107257,0.0015,0
2,17.715430861723448,0.9995175797642242,0.0015,0
2,17.755511022044086,1.0006141386013812,0.0015,0
2,17.795591182364728,0.999281502708265,0.0015,0
2,17.83567134268537,0.9983491927822388,0.0015,0
2,17.87575150300601,0.999423224295824,0.0015,0
2,17.915831663326653,0.9945616913505348,0.0015,0
2,17.955911823647295,0.9995713810392028,0.0015,0
2,17.995991983967937,0.993565200655103,0.0015,0
2,18.036072144288575,0.9964946374199809,0.0015,0
2,18.076152304609217,0.9998006888809872,0.0015,0
2,18.11623246492986,0.9998836683336882,0.0015,0
2,18.1563126252505,0.9974691470262189,0.0015,0
2,18.196392785571142,0.998191071748938,0.0015,0
2,18.236472945891784,1.001362429564566,0.0015,0
2,18.276553106212425,0.9986288634759923,0.0015,0
2,18.316633266533067,1.0027684145614917,0.0015,0
2,18.356713426853705,0.9994510509861293,0.0015,0
2,18.396793587174347,1.0001165883852374,0.0015,0
2,18.43687374749499,1.0019810902657116,0.0015,0
2,18.47695390781563,0.9998041387675559,0.0015,0
2,18.517034068136272,0.9981564093640511,0.0015,0
2,18.557114228456914,0.9995481014979746,0.0015,0
2,18.597194388777556,0.9997124157228127,0.0015,0
2,18.637274549098194,0.997772161542907,0.0015,0
2,18.677354709418836,0.9994892019900414,0.0015,0
2,18.717434869739478,0.9988135024501616,0.0015,0
2,18.75751503006012,1.001367262463059,0.0015,0
2,18.79759519038076,1.0000866038178349,0.0015,0
2,18.837675350701403,0.9996644076741393,0.0015,0
2,18.877755511022045,0.9999831290322112,0.0015,0
2,18.917835671342683,1.0005307013003606,0.0015,0
2,18.957915831663325,1.001174602245044,0.0015,0
2,18.997995991983966,0.9897639093015446,0.0015,1
2,19.03807615230461,0.9885873756313065,0.0015,1
2,19.07815631262525,0.990346827912873,0.0015,1
2,19.118236472945892,0.988039307371903,0.0015,1
2,19.158316633266534,0.9880265974042407,0.0015,1
2,19.198396793587175,0.9921445039629305,0.0015,1
2,19.238476953907814,1.0013051344470165,0.0015,0
2,19.278557114228455,0.9983629002491937,0.0015,0
2,19.318637274549097,1.0010512363127817,0.0015,0
2,19.35871743486974,1.0018575140196588,0.0015,0
2,19.39879759519038,1.0013618687505288,0.0015,0
2,19.438877755511022,1.0017933753176886,0.0015,0
2,19.478957915831664,0.9987830194080001,0.0015,0
2,19.519038076152302,1.001428852227465,0.0015,0
2,19.559118236472944,1.000520024794643,0.0015,0
2,19.599198396793586,1.000290171217343,0.0015,0
2,19.639278557114228,1.00235927918864,0.0015,0
2,19.67935871743487,1.0033100835706954,0.0015,0
2,19.71943887775551,1.00381904080571,0.0015,0
2,19.759519038076153,1.0031345523444508,0.0015,0
2,19.79959919839679,1.0010310898659538,0.0015,0
2,19.839679358717433,1.0017565746121742,0.0015,0
2,19.879759519038075,1.00240794337527,0.0015,0
2,19.919839679358716,1.0014680630606723,0.0015,0
2,19.95991983967936,1.001509364861693,0.0015,0
2,20.0,1.0025740712537505,0.0015,0
3,0.0,1.0001227560430508,0.0015,0
3,0.04008016032064128,0.9990642004020771,0.0015,0
3,0.08016032064128256,0.9994826673616426,0.0015,0
3,0.12024048096192384,1.0010013536040812,0.0015,0
3,0.16032064128256512,1.00000102371361,0.0015,0
3,0.2004008016032064,1.0004528989671628,0.0015,0
3,0.24048096192384769,1.0008938273936052,0.0015,0
3,0.280561122244489,0.9992727148893004,0.0015,0
3,0.32064128256513025,1.0009158314424664,0.0015,0
3,0.3607214428857715,1.0002964880343677,0.0015,0
3,0.4008016032064128,0.9978231211425057,0.0015,0
3,0.4408817635270541,1.0017863347524725,0.0015,0
3,0.48096192384769537,0.998819785285873,0.0015,0
3,0.5210420841683366,0.9970368395278213,0.0015,0
3,0.561122244488978,0.9979011189682322,0.0015,0
3,0.6012024048096192,0.9978870063694258,0.0015,0
3,0.6412825651302605,0.9805545118247988,0.0015,1
3,0.6813627254509018,0.9750942784277989,0.0015,1
3,0.721442885771543,0.9753010847443853,0.0015,1
3,0.7615230460921844,0.9813618212443361,0.0015,1
3,0.8016032064128256,0.9996903827688989,0.0015,0
3,0.8416833667334669,0.9996099815235058,0.0015,0
3,0.8817635270541082,0.999707110633481,0.0015,0
3,0.9218436873747494,0.9999742027673861,0.0015,0
3,0.9619238476953907,0.9958469329869223,0.0015,0
3,1.002004008016032,0.9984223505090569,0.0015,0
3,1.0420841683366733,0.99566017190968,0.0015,0
3,1.0821643286573146,0.9989474400974439,0.0015,0
3,1.122244488977956,0.9988506960912189,0.0015,0
3,1.1623246492985972,1.0003917176517598,0.0015,0
3,1.2024048096192383,1.0005721671594594,0.0015,0
3,1.2424849699398797,0.9990637394369272,0.0015,0
3,1.282565130260521,0.9979795018033231,0.0015,0
3,1.3226452905811623,0.9994298951237303,0.0015,0
3,1.3627254509018036,0.9978840666080997,0.0015,0
3,1.4028056112224447,0.9986493571892588,0.0015,0
3,1.442885771543086,1.0001078989393766,0.0015,0
3,1.4829659318637274,0.9977710603811485,0.0015,0
3,1.5230460921843687,0.9997970600807904,0.0015,0
3,1.56312625250501,0.9995872954975333,0.0015,0
3,1.6032064128256511,0.997123506093472,0.0015,0
3,1.6432865731462925,1.0000029044967016,0.0015,0
3,1.6833667334669338,0.9995781690577433,0.0015,0
3,1.723446893787575,0.9986733665540404,0.0015,0
3,1.7635270541082164,0.9973690654037461,0.0015,0
3,1.8036072144288577,0.997217739373929,0.0015,0
3,1.8436873747494988,0.9976959850582149,0.0015,0
3,1.8837675350701402,0.9993142391174643,0.0015,0
3,1.9238476953907815,0.9970667189059863,0.0015,0
3,1.9639278557114228,0.9991581752470594,0.0015,0
3,2.004008016032064,0.9966429625153356,0.0015,0
3,2.0440881763527052,0.9982051158100639,0.0015,0
3,2.0841683366733466,0.9986832398634992,0.0015,0
3,2.124248496993988,1.0021959298909462,0.0015,0
3,2.164328657314629,0.9964736322778562,0.0015,0
3,2.2044088176352705,1.0007608886291184,0.0015,0
3,2.244488977955912,0.9987927641876833,0.0015,0
3,2.284569138276553,0.9992017454151286,0.0015,0
3,2.3246492985971945,0.9987813275804339,0.0015,0
3,2.3647294589178354,0.9992915209576976,0.0015,0
3,2.4048096192384767,0.9984163082503984,0.0015,0
3,2.444889779559118,1.000852067517083,0.0015,0
3,2.4849699398797593,0.9980121617666498,0.0015,0
3,2.5250501002004007,1.0004227829924333,0.0015,0
3,2.565130260521042,0.9977870938486358,0.0015,0
3,2.6052104208416833,0.9986940930920181,0.0015,0
3,2.6452905811623246,0.9972089264106421,0.0015,0
3,2.685370741482966,0.9995333363130539,0.0015,0
3,2.7254509018036073,1.0010539073671274,0.0015,0
3,2.7655310621242486,0.9988070432320851,0.0015,0
3,2.8056112224448895,0.9986660016945251,0.0015,0
3,2.845691382765531,0.9973290017056599,0.0015,0
3,2.885771543086172,0.9986978780012423,0.0015,0
3,2.9258517034068134,0.9966947554304354,0.0015,0
3,2.9659318637274548,0.9977579451643109,0.0015,0
3,3.006012024048096,0.9995118859684711,0.0015,0
3,3.0460921843687374,1.0011957433643837,0.0015,0
3,3.0861723446893787,1.0034775695374367,0.0015,0
3,3.12625250501002,0.9984313580900156,0.0015,0
3,3.1663326653306614,1.0015125597706462,0.0015,0
3,3.2064128256513023,0.9997744408186698,0.0015,0
3,3.2464929859719436,0.9992319082604794,0.0015,0
3,3.286573146292585,1.0001583394465756,0.0015,0
3,3.3266533066132262,0.9996536253680516,0.0015,0
3,3.3667334669338675,0.9997782155474003,0.0015,0
3,3.406813627254509,0.999052494846209,0.0015,0
3,3.44689378757515,0.978368362255319,0.0015,1
3,3.4869739478957915,0.9730546710761295,0.0015,1
3,3.527054108216433,0.9781162348095237,0.0015,1
3,3.567134268537074,0.999463084713772,0.0015,0
3,3.6072144288577155,0.9990378541652614,0.0015,0
3,3.6472945891783564,0.9999986866372294,0.0015,0
3,3.6873747494989977,1.0012322854695672,0.0015,0
3,3.727454909819639,1.000364340278963,0.0015,0
3,3.7675350701402803,0.9991634978522027,0.0015,0
3,3.8076152304609217,1.0020406145963032,0.0015,0
3,3.847695390781563,1.0026232879774666,0.0015,0
3,3.8877755511022043,1.0010493498991357,0.0015,0
3,3.9278557114228456,1.0018206174140531,0.0015,0
3,3.967935871743487,1.0022752033306188,0.0015,0
3,4.008016032064128,1.0021590199787056,0.0015,0
3,4.04809619238477,1.0014360271321123,0.0015,0
3,4.0881763527054105,1.0014627399832197,0.0015,0
3,4.128256513026052,1.0013943198550805,0.0015,0
3,4.168336673346693,0.9990176364010578,0.0015,0
3,4.208416833667335,1.0017626827301125,0.0015,0
3,4.248496993987976,0.9987249112244081,0.0015,0
3,4.288577154308617,0.9996127854209707,0.0015,0
3,4.328657314629258,1.002805043266695,0.0015,0
3,4.368737474949899,1.0021539373592416,0.0015,0
3,4.408817635270541,1.0031674595620015,0.0015,0
3,4.448897795591182,1.0005703937960035,0.0015,0
3,4.488977955911824,0.9992898098233831,0.0015,0
3,4.529058116232465,1.000696487348824,0.0015,0
3,4.569138276553106,1.0012477820756616,0.0015,0
3,4.609218436873747,1.0012493934672513,0.0015,0
3,4.649298597194389,1.0028661428361294,0.0015,0
3,4.68937875751503,1.000656919746796,0.0015,0
3,4.729458917835671,1.00175852893024,0.0015,0
3,4.7695390781563125,0.9997775959471586,0.0015,0
3,4.809619238476953,1.0019644407470534,0.0015,0
3,4.849699398797595,1.0013203877342982,0.0015,0
3,4.889779559118236,1.0002160622701333,0.0015,0
3,4.929859719438878,1.0010103604650171,0.0015,0
3,4.969939879759519,1.0011093977995595,0.0015,0
3,5.01002004008016,1.0010001924194083,0.0015,0
3,5.050100200400801,1.0040803818772648,0.0015,0
3,5.090180360721443,1.001291803894302,0.0015,0
3,5.130260521042084,1.0010878687607294,0.0015,0
3,5.170340681362725,0.9983198952337881,0.0015,0
3,5.210420841683367,1.0001352221086772,0.0015,0
3,5.2505010020040075,1.0010904736502109,0.0015,0
3,5.290581162324649,1.0004629335410882,0.0015,0
3,5.33066132264529,1.0035689722536414,0.0015,0
3,5.370741482965932,1.0012517659682747,0.0015,0
3,5.410821643286573,1.0034326606586452,0.0015,0
3,5.4509018036072145,1.0015914317112253,0.0015,0
3,5.490981963927855,1.001551657261251,0.0015,0
3,5.531062124248497,1.0013576258115569,0.0015,0
3,5.571142284569138,1.0014895905312802,0.0015,0
3,5.611222444889779,1.0040532439842975,0.0015,0
3,5.651302605210421,0.9979848818167238,0.0015,0
3,5.691382765531062,0.9984493307350245,0.0015,0
3,5.731462925851703,1.0006223659364264,0.0015,0
3,5.771543086172344,1.0014425270236913,0.0015,0
3,5.811623246492986,1.0024376662489296,0.0015,0
3,5.851703406813627,1.0020920997992107,0.0015,0
3,5.891783567134269,1.0007842704376453,0.0015,0
3,5.9318637274549095,1.0028656143163568,0.0015,0
3,5.971943887775551,1.002857021044542,0.0015,0
3,6.012024048096192,1.0015607963121191,0.0015,0
3,6.052104208416833,1.0027000149765337,0.0015,0
3,6.092184368737475,1.0016346901094233,0.0015,0
3,6.132264529058116,1.000351605034681,0.0015,0
3,6.1723446893787575,1.0022071172310574,0.0015,0
3,6.212424849699398,1.001291372363635,0.0015,0
3,6.25250501002004,0.9812877585275911,0.0015,1
3,6.292585170340681,0.978459219514214,0.0015,1
3,6.332665330661323,0.9754857489511516,0.0015,1
3,6.372745490981964,0.9988450845684133,0.0015,0
3,6.4128256513026045,0.9991492724439976,0.0015,0
3,6.452905811623246,1.0003420509950554,0.0015,0
3,6.492985971943887,1.0004609457821891,0.0015,0
3,6.533066132264529,0.9985366948732366,0.0015,0
3,6.57314629258517,0.9992737393037454,0.0015,0
3,6.613226452905812,0.9994130343385533,0.0015,0
3,6.6533066132264524,1.004342342051484,0.0015,0
3,6.693386773547094,1.0033098786805457,0.0015,0
3,6.733466933867735,0.9999399156010782,0.0015,0
3,6.773547094188377,0.9999617172355753,0.0015,0
3,6.813627254509018,0.9987321823788009,0.0015,0
3,6.853707414829659,0.9975420988530331,0.0015,0
3,6.8937875751503,1.0001767570845779,0.0015,0
3,6.933867735470941,0.9988026266490622,0.0015,0
3,6.973947895791583,1.00011906861962,0.0015,0
3,7.014028056112224,0.9977926566366399,0.0015,0
3,7.054108216432866,0.9989963749947641,0.0015,0
3,7.0941883767535066,1.000308468278337,0.0015,0
3,7.134268537074148,1.000580922301891,0.0015,0
3,7.174348697394789,1.0006038552086285,0.0015,0
3,7.214428857715431,0.9979429820867722,0.0015,0
3,7.254509018036072,1.001151911172184,0.0015,0
3,7.294589178356713,0.9986159004340625,0.0015,0
3,7.3346693386773545,1.0007120780894887,0.0015,0
3,7.374749498997995,0.9996937134187166,0.0015,0
3,7.414829659318637,0.9975923461221065,0.0015,0
3,7.454909819639278,0.9991303307292743,0.0015,0
3,7.49498997995992,1.000100884475775,0.0015,0
3,7.535070140280561,1.0004210771916495,0.0015,0
3,7.575150300601202,0.9992395824864831,0.0015,0
3,7.615230460921843,1.001698878270797,0.0015,0
3,7.655310621242485,1.000863396601901,0.0015,0
3,7.695390781563126,0.9989189082045467,0.0015,0
3,7.735470941883767,1.0003817318841726,0.0015,0
3,7.775551102204409,1.0021108612977474,0.0015,0
3,7.8156312625250495,1.0021055420112974,0.0015,0
3,7.855711422845691,0.9972785401614189,0.0015,0
3,7.895791583166332,0.9976876033183009,0.0015,0
3,7.935871743486974,1.0012628381219764,0.0015,0
3,7.975951903807615,0.9974073435563902,0.0015,0
3,8.016032064128256,0.9969715595215202,0.0015,0
3,8.056112224448897,0.9981880379928454,0.0015,0
3,8.09619238476954,0.9995110283302547,0.0015,0
3,8.13627254509018,0.998691900810866,0.0015,0
3,8.176352705410821,0.99783595211581,0.0015,0
3,8.216432865731463,0.9977683182101559,0.0015,0
3,8.256513026052104,0.9976805499629803,0.0015,0
3,8.296593186372744,0.9974008286500341,0.0015,0
3,8.336673346693386,1.0021152362999344,0.0015,0
3,8.376753507014028,0.9991134391768474,0.0015,0
3,8.41683366733467,0.9999734215809903,0.0015,0
3,8.45691382765531,0.9978875329858388,0.0015,0
3,8.496993987975952,0.9983218647640767,0.0015,0
3,8.537074148296593,0.9975119301374903,0.0015,0
3,8.577154308617233,0.994587994666037,0.0015,0
3,8.617234468937875,0.9964836956581561,0.0015,0
3,8.657314629258517,0.9958218095192329,0.0015,0
3,8.697394789579159,0.9951519821862291,0.0015,0
3,8.737474949899799,0.9967244463923217,0.0015,0
3,8.77755511022044,1.0004976639311067,0.0015,0
3,8.817635270541082,0.9984382496645398,0.0015,0
3,8.857715430861724,1.0004373579025798,0.0015,0
3,8.897795591182364,0.999116533695614,0.0015,0
3,8.937875751503006,0.9996743867477852,0.0015,0
3,8.977955911823647,0.9971516321705794,0.0015,0
3,9.018036072144287,0.9992932705808979,0.0015,0
3,9.05811623246493,0.9791009282247205,0.0015,1
3,9.098196392785571,0.9726687590103449,0.0015,1
3,9.138276553106213,0.9783574980867475,0.0015,1
3,9.178356713426853,0.9993933146028073,0.0015,0
3,9.218436873747494,0.9977336225973384,0.0015,0
3,9.258517034068136,0.9968895836334943,0.0015,0
3,9.298597194388778,0.9968151742982801,0.0015,0
3,9.338677354709418,0.9987405785685336,0.0015,0
3,9.37875751503006,0.9991225862884776,0.0015,0
3,9.418837675350701,0.9974663042376525,0.0015,0
3,9.458917835671341,0.9987197329691163,0.0015,0
3,9.498997995991983,0.9995621309158135,0.0015,0
3,9.539078156312625,0.999661756012801,0.0015,0
3,9.579158316633267,1.0010920724523424,0.0015,0
3,9.619238476953907,1.0007111050619555,0.0015,0
3,9.659318637274549,0.9973266368045778,0.0015,0
3,9.69939879759519,1.0013884093780197,0.0015,0
3,9.739478957915832,0.9981024927963645,0.0015,0
3,9.779559118236472,1.0005036191462426,0.0015,0
3,9.819639278557114,0.9990770187872938,0.0015,0
3,9.859719438877756,0.9983968701274756,0.0015,0
3,9.899799599198396,0.9963448788421653,0.0015,0
3,9.939879759519037,0.9988416284068516,0.0015,0
3,9.97995991983968,0.9968036173969476,0.0015,0
3,10.02004008016032,1.0006384676434847,0.0015,0
3,10.06012024048096,1.0015085857662518,0.0015,0
3,10.100200400801603,0.9980849003666424,0.0015,0
3,10.140280561122244,0.9997810244579756,0.0015,0
3,10.180360721442886,0.9982886521173233,0.0015,0
3,10.220440881763526,0.9984834899374422,0.0015,0
3,10.260521042084168,1.000638179266765,0.0015,0
3,10.30060120240481,0.9994695275514176,0.0015,0
3,10.34068136272545,1.0021883164272394,0.0015,0
3,10.380761523046091,0.9989075500938438,0.0015,0
3,10.420841683366733,1.0011824354206773,0.0015,0
3,10.460921843687375,0.9998824928309451,0.0015,0
3,10.501002004008015,1.0009833226819305,0.0015,0
3,10.541082164328657,0.9991724743486635,0.0015,0
3,10.581162324649299,0.9998226306502149,0.0015,0
3,10.62124248496994,0.9997776119944347,0.0015,0
3,10.66132264529058,0.9987507296407769,0.0015,0
3,10.701402805611222,1.0010518863829714,0.0015,0
3,10.741482965931864,1.0010880103095425,0.0015,0
3,10.781563126252504,1.0010566957976808,0.0015,0
3,10.821643286573146,1.0025253238951053,0.0015,0
3,10.861723446893787,1.0024471197290545,0.0015,0
3,10.901803607214429,0.9997635591770061,0.0015,0
3,10.941883767535069,1.0009380065205427,0.0015,0
3,10.98196392785571,0.9994949891075016,0.0015,0
3,11.022044088176353,1.000516828236073,0.0015,0
3,11.062124248496994,0.9996329527061762,0.0015,0
3,11.102204408817634,1.0030127747412696,0.0015,0
3,11.142284569138276,1.0011775548548003,0.0015,0
3,11.182364729458918,1.0003534843929403,0.0015,0
3,11.222444889779558,1.0025185957113218,0.0015,0
3,11.2625250501002,0.9975189421681714,0.0015,0
3,11.302605210420841,0.9977994060485411,0.0015,0
3,11.342685370741483,1.002058950675761,0.0015,0
3,11.382765531062123,1.0009994084510252,0.0015,0
3,11.422845691382765,1.0013267123376777,0.0015,0
3,11.462925851703407,0.9990025550738196,0.0015,0
3,11.503006012024048,1.000997121040425,0.0015,0
3,11.543086172344688,1.0040757226015233,0.0015,0
3,11.58316633266533,1.00234385948938,0.0015,0
3,11.623246492985972,1.0013977881316922,0.0015,0
3,11.663326653306612,1.0005188362245137,0.0015,0
3,11.703406813627254,1.0006182228644642,0.0015,0
3,11.743486973947896,0.9980473843653579,0.0015,0
3,11.783567134268537,1.0016571346457026,0.0015,0
3,11.823647294589177,1.0025667470831354,0.0015,0
3,11.863727454909819,0.9776529074363008,0.0015,1
3,11.90380761523046,0.9754097869875891,0.0015,1
3,11.943887775551103,0.9793951077141343,0.0015,1
3,11.983967935871743,0.9999447572570254,0.0015,0
3,12.024048096192384,1.0014921363953133,0.0015,0
3,12.064128256513026,0.9983026134374454,0.0015,0
3,12.104208416833666,1.0023660754594677,0.0015,0
3,12.144288577154308,1.0025890359577319,0.0015,0
3,12.18436873747495,1.0010932958617786,0.0015,0
3,12.224448897795591,0.9977586810733887,0.0015,0
3,12.264529058116231,0.9999929950226552,0.0015,0
3,12.304609218436873,1.003342929818309,0.0015,0
3,12.344689378757515,0.9973306065786076,0.0015,0
3,12.384769539078157,1.0009783958872278,0.0015,0
3,12.424849699398797,0.9997298220712405,0.0015,0
3,12.464929859719438,1.0027048799682794,0.0015,0
3,12.50501002004008,1.0004816162359556,0.0015,0
3,12.54509018036072,1.0020945470514446,0.0015,0
3,12.585170340681362,1.002329209052328,0.0015,0
3,12.625250501002004,1.0042258429656932,0.0015,0
3,12.665330661322646,1.001155672764972,0.0015,0
3,12.705410821643286,1.0020108441781508,0.0015,0
3,12.745490981963927,0.9992040140393711,0.0015,0
3,12.785571142284569,1.00320018457373,0.0015,0
3,12.825651302605209,1.0002549373066334,0.0015,0
3,12.86573146292585,1.0005338994736765,0.0015,0
3,12.905811623246493,1.0013192097090686,0.0015,0
3,12.945891783567134,0.9989840551575232,0.0015,0
3,12.985971943887774,1.0016456179032065,0.0015,0
3,13.026052104208416,1.0027260579057182,0.0015,0
3,13.066132264529058,1.0016850050437867,0.0015,0
3,13.1062124248497,0.9988313918087062,0.0015,0
3,13.14629258517034,1.0009965860387506,0.0015,0
3,13.186372745490981,1.002261375117826,0.0015,0
3,13.226452905811623,0.9982958943144271,0.0015,0
3,13.266533066132263,0.9994638339418183,0.0015,0
3,13.306613226452905,1.0023525114130254,0.0015,0
3,13.346693386773547,1.0014032092957945,0.0015,0
3,13.386773547094188,1.0015751020344568,0.0015,0
3,13.426853707414828,1.0037042267260945,0.0015,0
3,13.46693386773547,1.0015744694328714,0.0015,0
3,13.507014028056112,1.0018140000210858,0.0015,0
3,13.547094188376754,1.0048477435790535,0.0015,0
3,13.587174348697394,1.0004143642142458,0.0015,0
3,13.627254509018035,0.9994907413964059,0.0015,0
3,13.667334669338677,1.001280864834948,0.0015,0
3,13.707414829659317,1.0012484343121952,0.0015,0
3,13.747494989979959,0.9997498887454714,0.0015,0
3,13.7875751503006,0.9989406815920528,0.0015,0
3,13.827655310621243,1.003902725857506,0.0015,0
3,13.867735470941883,1.000876339759625,0.0015,0
3,13.907815631262524,0.9992352621834686,0.0015,0
3,13.947895791583166,1.0016547695741267,0.0015,0
3,13.987975951903808,1.0000639767727075,0.0015,0
3,14.028056112224448,0.9997948980451172,0.0015,0
3,14.06813627254509,1.0009639297745407,0.0015,0
3,14.108216432865731,0.9981288413480314,0.0015,0
3,14.148296593186371,1.0005416635675461,0.0015,0
3,14.188376753507013,1.0028281965197348,0.0015,0
3,14.228456913827655,1.0006041257119769,0.0015,0
3,14.268537074148297,0.9992867590974681,0.0015,0
3,14.308617234468937,0.9990368300913859,0.0015,0
3,14.348697394789578,0.9991286508864132,0.0015,0
3,14.38877755511022,0.9993102207512164,0.0015,0
3,14.428857715430862,0.9990718585619311,0.0015,0
3,14.468937875751502,1.0009609068526297,0.0015,0
3,14.509018036072144,0.9969350325642578,0.0015,0
3,14.549098196392785,1.0007768547891702,0.0015,0
3,14.589178356713425,0.9988640013760509,0.0015,0
3,14.629258517034067,0.9999493623731395,0.0015,0
3,14.669338677354709,0.9754923206546903,0.0015,1
3,14.70941883767535,0.9765984157500694,0.0015,1
3,14.74949899799599,0.9815218932474622,0.0015,1
3,14.789579158316633,1.0006335629714531,0.0015,0
3,14.829659318637274,0.9968770607439429,0.0015,0
3,14.869739478957916,1.0003489912884682,0.0015,0
3,14.909819639278556,0.9996698669273026,0.0015,0
3,14.949899799599198,0.9966131651707989,0.0015,0
3,14.98997995991984,0.9989443805651418,0.0015,0
3,15.03006012024048,0.9994887019098176,0.0015,0
3,15.070140280561121,0.9997384559342933,0.0015,0
3,15.110220440881763,0.9991340958366866,0.0015,0
3,15.150300601202405,0.9992703763582885,0.0015,0
3,15.190380761523045,1.001010781325354,0.0015,0
3,15.230460921843687,1.0006078025826,0.0015,0
3,15.270541082164328,0.9944381501551253,0.0015,0
3,15.31062124248497,0.9982341878573776,0.0015,0
3,15.35070140280561,0.9984366512240709,0.0015,0
3,15.390781563126252,0.9960304655302599,0.0015,0
3,15.430861723446894,0.9987766095205647,0.0015,0
3,15.470941883767534,1.0004869591807966,0.0015,0
3,15.511022044088175,0.9969642522065744,0.0015,0
3,15.551102204408817,0.999080806280797,0.0015,0
3,15.591182364729459,0.9971864131003177,0.0015,0
3,15.631262525050099,0.9975380870701076,0.0015,0
3,15.67134268537074,1.000749734059879,0.0015,0
3,15.711422845691382,0.9977093930276819,0.0015,0
3,15.751503006012024,0.9992080457636294,0.0015,0
3,15.791583166332664,0.995701319254903,0.0015,0
3,15.831663326653306,1.001296972812696,0.0015,0
3,15.871743486973948,0.9994047618420205,0.0015,0
3,15.911823647294588,0.9982262602822333,0.0015,0
3,15.95190380761523,0.9993644978570684,0.0015,0
3,15.991983967935871,0.9963895566551229,0.0015,0
3,16.03206412825651,1.0002831252565099,0.0015,0
3,16.072144288577153,0.9980303244381215,0.0015,0
3,16.112224448897795,0.9982190898752064,0.0015,0
3,16.152304609218437,0.9977985118526185,0.0015,0
3,16.19238476953908,0.9976777139011184,0.0015,0
3,16.23246492985972,0.9996052708258895,0.0015,0
3,16.27254509018036,0.9989635583994229,0.0015,0
3,16.312625250501,0.99957559159819,0.0015,0
3,16.352705410821642,0.9986048630144065,0.0015,0
3,16.392785571142284,0.9994097288352031,0.0015,0
3,16.432865731462925,0.998035290172308,0.0015,0
3,16.472945891783567,1.0020335247340397,0.0015,0
3,16.51302605210421,0.996364091721393,0.0015,0
3,16.55310621242485,1.0006361153764145,0.0015,0
3,16.59318637274549,1.000826917113228,0.0015,0
3,16.63326653306613,0.9975287495031424,0.0015,0
3,16.673346693386772,1.002184373808077,0.0015,0
3,16.713426853707414,1.0003686750803575,0.0015,0
3,16.753507014028056,1.0003685797498112,0.0015,0
3,16.793587174348698,0.9989917442767259,0.0015,0
3,16.83366733466934,0.9986630707191247,0.0015,0
3,16.873747494989978,0.99871530415152,0.0015,0
3,16.91382765531062,0.9996569767759229,0.0015,0
3,16.95390781563126,1.0012159257899842,0.0015,0
3,16.993987975951903,0.9994302296041839,0.0015,0
3,17.034068136272545,0.9978362940603676,0.0015,0
3,17.074148296593187,1.000486332128099,0.0015,0
3,17.11422845691383,1.0006786206853606,0.0015,0
3,17.154308617234467,1.000326996794935,0.0015,0
3,17.19438877755511,1.000512216439713,0.0015,0
3,17.23446893787575,0.9990373207424857,0.0015,0
3,17.274549098196392,0.9981006939489697,0.0015,0
3,17.314629258517034,0.9982430069121607,0.0015,0
3,17.354709418837675,0.9971438099856427,0.0015,0
3,17.394789579158317,1.0000046571013292,0.0015,0
3,17.43486973947896,0.999576744269128,0.0015,0
3,17.474949899799597,0.9761189431774319,0.0015,1
3,17.51503006012024,0.9711638614212436,0.0015,1
3,17.55511022044088,0.9788907776848298,0.0015,1
3,17.595190380761522,1.0015970802763672,0.0015,0
3,17.635270541082164,0.9989728019027837,0.0015,0
3,17.675350701402806,1.0005645891819877,0.0015,0
3,17.715430861723448,0.9979916036102818,0.0015,0
3,17.755511022044086,1.0022895196034487,0.0015,0
3,17.795591182364728,0.9999690793872356,0.0015,0
3,17.83567134268537,1.0006736014001771,0.0015,0
3,17.87575150300601,1.0037803217201526,0.0015,0
3,17.915831663326653,1.002619045976351,0.0015,0
3,17.955911823647295,0.9999368255088917,0.0015,0
3,17.995991983967937,0.9995586184338134,0.0015,0
3,18.036072144288575,1.0000113256161316,0.0015,0
3,18.076152304609217,1.0013150383285097,0.0015,0
3,18.11623246492986,1.0004421905617706,0.0015,0
3,18.1563126252505,1.000056219844274,0.0015,0
3,18.196392785571142,1.0028980772389648,0.0015,0
3,18.236472945891784,1.0005733074271173,0.0015,0
3,18.276553106212425,1.0042403591730695,0.0015,0
3,18.316633266533067,1.0009724190278653,0.0015,0
3,18.356713426853705,1.0035585301401286,0.0015,0
3,18.396793587174347,1.0014596395056876,0.0015,0
3,18.43687374749499,1.002410013723756,0.0015,0
3,18.47695390781563,0.999919319208355,0.0015,0
3,18.517034068136272,0.9997649576801484,0.0015,0
3,18.557114228456914,1.0017731630439555,0.0015,0
3,18.597194388777556,1.002603039255016,0.0015,0
3,18.637274549098194,1.0012157497349334,0.0015,0
3,18.677354709418836,0.9992594353849762,0.0015,0
3,18.717434869739478,0.99918075949817,0.0015,0
3,18.75751503006012,0.9991109837892662,0.0015,0
3,18.79759519038076,0.9986291767287453,0.0015,0
3,18.837675350701403,1.0014721021756021,0.0015,0
3,18.877755511022045,1.0030210117066478,0.0015,0
3,18.917835671342683,1.0013371681878092,0.0015,0
3,18.957915831663325,0.9979887592730307,0.0015,0
3,18.997995991983966,1.001113545169514,0.0015,0
3,19.03807615230461,1.0011739804497162,0.0015,0
3,19.07815631262525,1.0045788348559876,0.0015,0
3,19.118236472945892,0.9992639307913587,0.0015,0
3,19.158316633266534,1.0008765461768003,0.0015,0
3,19.198396793587175,1.0040323737849075,0.0015,0
3,19.238476953907814,1.0021576874459248,0.0015,0
3,19.278557114228455,1.00233489589132,0.0015,0
3,19.318637274549097,1.0016670811351454,0.0015,0
3,19.35871743486974,1.001993463006942,0.0015,0
3,19.39879759519038,1.0026663659079644,0.0015,0
3,19.438877755511022,1.0002851849252048,0.0015,0
3,19.478957915831664,1.0028140246355246,0.0015,0
3,19.519038076152302,0.9994330173844411,0.0015,0
3,19.559118236472944,1.001978727503983,0.0015,0
3,19.599198396793586,1.0017460173299708,0.0015,0
3,19.639278557114228,1.000543284000359,0.0015,0
3,19.67935871743487,1.001421614051656,0.0015,0
3,19.71943887775551,1.0005078662872056,0.0015,0
3,19.759519038076153,0.9998182933700476,0.0015,0
3,19.79959919839679,1.000877746872103,0.0015,0
3,19.839679358717433,0.9997326873111095,0.0015,0
3,19.879759519038075,1.001851570629162,0.0015,0
3,19.919839679358716,0.9996191808092956,0.0015,0
3,19.95991983967936,1.0023874695006123,0.0015,0
3,20.0,0.9995207726787761,0.0015,0
4,0.0,0.9980153538836666,0.0015,0
4,0.04008016032064128,0.9978933602051908,0.0015,0
4,0.08016032064128256,1.000784968252414,0.0015,0
4,0.12024048096192384,0.9992612224285067,0.0015,0
4,0.16032064128256512,0.998418323380602,0.0015,0
4,0.2004008016032064,0.9994557756906767,0.0015,0
4,0.24048096192384769,0.99552035285299,0.0015,0
4,0.280561122244489,0.998591592600344,0.0015,0
4,0.32064128256513025,1.0016294547851257,0.0015,0
4,0.3607214428857715,0.9988103626409307,0.0015,0
4,0.4008016032064128,0.9986941684447035,0.0015,0
4,0.4408817635270541,0.9993967688093456,0.0015,0
4,0.48096192384769537,0.9999021063281369,0.0015,0
4,0.5210420841683366,0.9955484858692674,0.0015,0
4,0.561122244488978,0.9960090669874818,0.0015,0
4,0.6012024048096192,0.9988377635011737,0.0015,0
4,0.6412825651302605,0.997441693867956,0.0015,0
4,0.6813627254509018,1.0004756518066011,0.0015,0
4,0.721442885771543,0.9980303888627815,0.0015,0
4,0.7615230460921844,0.9955988279865223,0.0015,0
4,0.8016032064128256,0.9965980172348717,0.0015,0
4,0.8416833667334669,0.9943768792366313,0.0015,0
4,0.8817635270541082,0.9981534994982468,0.0015,0
4,0.9218436873747494,0.998227341269984,0.0015,0
4,0.9619238476953907,0.997880381403711,0.0015,0
4,1.002004008016032,1.00014447112188,0.0015,0
4,1.0420841683366733,1.0003349167536288,0.0015,0
4,1.0821643286573146,0.9982944319246888,0.0015,0
4,1.122244488977956,0.9953627280795737,0.0015,0
4,1.1623246492985972,0.9995073023392655,0.0015,0
4,1.2024048096192383,0.9994328675685134,0.0015,0
4,1.2424849699398797,0.9990841738346656,0.0015,0
4,1.282565130260521,1.000114351135553,0.0015,0
4,1.3226452905811623,0.996918691648547,0.0015,0
4,1.3627254509018036,1.0017045956005595,0.0015,0
4,1.4028056112224447,0.9972795430286818,0.0015,0
4,1.442885771543086,0.9998713993665715,0.0015,0
4,1.4829659318637274,0.9962470445570918,0.0015,0
4,1.5230460921843687,0.9974147515240951,0.0015,0
4,1.56312625250501,1.0011183237960635,0.0015,0
4,1.6032064128256511,0.9984875396657665,0.0015,0
4,1.6432865731462925,1.0001753427378048,0.0015,0
4,1.6833667334669338,0.9993088648732099,0.0015,0
4,1.723446893787575,0.9988353219046451,0.0015,0
4,1.7635270541082164,1.0010791654686026,0.0015,0
4,1.8036072144288577,0.9987202834995007,0.0015,0
4,1.8436873747494988,0.9964472430429623,0.0015,0
4,1.8837675350701402,0.9979577094979065,0.0015,0
4,1.9238476953907815,1.0000346603987063,0.0015,0
4,1.9639278557114228,0.9998474647454145,0.0015,0
4,2.004008016032064,0.9969509071466174,0.0015,0
4,2.0440881763527052,0.9982631781312948,0.0015,0
4,2.0841683366733466,0.9985261488540051,0.0015,0
4,2.124248496993988,0.9989003435705245,0.0015,0
4,2.164328657314629,0.997435208309709,0.0015,0
4,2.2044088176352705,0.9986077010153707,0.0015,0
4,2.244488977955912,0.9985091029566966,0.0015,0
4,2.284569138276553,1.0008115946182277,0.0015,0
4,2.3246492985971945,1.0009207001243763,0.0015,0
4,2.3647294589178354,0.9995414050547436,0.0015,0
4,2.4048096192384767,0.9992254740654358,0.0015,0
4,2.444889779559118,1.0000770745550052,0.0015,0
4,2.4849699398797593,0.998696151628482,0.0015,0
4,2.5250501002004007,0.9982546945863953,0.0015,0
4,2.565130260521042,0.9986185717434665,0.0015,0
4,2.6052104208416833,0.9991306072533351,0.0015,0
4,2.6452905811623246,0.9983914325536768,0.0015,0
4,2.685370741482966,1.0004333720127907,0.0015,0
4,2.7254509018036073,1.0013382493564273,0.0015,0
4,2.7655310621242486,0.9979161062194777,0.0015,0
4,2.8056112224448895,1.0003871405265305,0.0015,0
4,2.845691382765531,1.0000717853276777,0.0015,0
4,2.885771543086172,1.0009656737745618,0.0015,0
4,2.9258517034068134,1.00048513755029,0.0015,0
4,2.9659318637274548,0.9983746287942987,0.0015,0
4,3.006012024048096,0.9987112075032668,0.0015,0
4,3.0460921843687374,1.0006979078774716,0.0015,0
4,3.0861723446893787,1.0022450788938957,0.0015,0
4,3.12625250501002,0.9974278531029047,0.0015,0
4,3.1663326653306614,1.0013139812022616,0.0015,0
4,3.2064128256513023,1.0026250521789852,0.0015,0
4,3.2464929859719436,1.0006552203302357,0.0015,0
4,3.286573146292585,1.0017530578744973,0.0015,0
4,3.3266533066132262,0.9999149448666244,0.0015,0
4,3.3667334669338675,1.0008310388311101,0.0015,0
4,3.406813627254509,0.9986179503158567,0.0015,0
4,3.44689378757515,0.9975706801435712,0.0015,0
4,3.4869739478957915,1.002537811356209,0.0015,0
4,3.527054108216433,0.9996811836527363,0.0015,0
4,3.567134268537074,1.0005088981969008,0.0015,0
4,3.6072144288577155,0.9991444976635641,0.0015,0
4,3.6472945891783564,0.9991395933523629,0.0015,0
4,3.6873747494989977,1.0010225546804687,0.0015,0
4,3.727454909819639,1.0002160479998399,0.0015,0
4,3.7675350701402803,1.0019027770112188,0.0015,0
4,3.8076152304609217,1.0020383061491933,0.0015,0
4,3.847695390781563,1.0018626916377578,0.0015,0
4,3.8877755511022043,1.001759449277824,0.0015,0
4,3.9278557114228456,1.0037865175457028,0.0015,0
4,3.967935871743487,0.9998349542506747,0.0015,0
4,4.008016032064128,1.0013685634632157,0.0015,0
4,4.04809619238477,1.0031627436227226,0.0015,0
4,4.0881763527054105,1.003371367515335,0.0015,0
4,4.128256513026052,0.9993508529768299,0.0015,0
4,4.168336673346693,1.001021986107711,0.0015,0
4,4.208416833667335,1.003532792817366,0.0015,0
4,4.248496993987976,1.0022608862292044,0.0015,0
4,4.288577154308617,1.0017928789261679,0.0015,0
4,4.328657314629258,1.0011727329813416,0.0015,0
4,4.368737474949899,1.000920894047888,0.0015,0
4,4.408817635270541,1.001924322666754,0.0015,0
4,4.448897795591182,1.001106900695757,0.0015,0
4,4.488977955911824,1.0014131393916874,0.0015,0
4,4.529058116232465,1.0015845393925973,0.0015,0
4,4.569138276553106,1.0004372700358755,0.0015,0
4,4.609218436873747,1.0022384252407863,0.0015,0
4,4.649298597194389,1.0057955881669558,0.0015,0
4,4.68937875751503,0.9987408881316306,0.0015,0
4,4.729458917835671,1.001872713759231,0.0015,0
4,4.7695390781563125,1.0002249421678264,0.0015,0
4,4.809619238476953,1.0022080967221434,0.0015,0
4,4.849699398797595,1.0013868579165077,0.0015,0
4,4.889779559118236,1.0024331283295231,0.0015,0
4,4.929859719438878,1.0030252606278987,0.0015,0
4,4.969939879759519,1.0015206538496502,0.0015,0
4,5.01002004008016,1.0028985276266658,0.0015,0
4,5.050100200400801,0.9976508758449252,0.0015,0
4,5.090180360721443,1.0035183639643552,0.0015,0
4,5.130260521042084,1.0016591757422744,0.0015,0
4,5.170340681362725,1.002675825431834,0.0015,0
4,5.210420841683367,0.9991903541098113,0.0015,0
4,5.2505010020040075,0.9997338000105186,0.0015,0
4,5.290581162324649,1.0011573811974428,0.0015,0
4,5.33066132264529,1.0008702213446,0.0015,0
4,5.370741482965932,1.0012765262354317,0.0015,0
4,5.410821643286573,1.0024337387756117,0.0015,0
4,5.4509018036072145,0.998113133928374,0.0015,0
4,5.490981963927855,1.00217470659412,0.0015,0
4,5.531062124248497,1.0006784904610235,0.0015,0
4,5.571142284569138,1.0003116224402304,0.0015,0
4,5.611222444889779,0.9983610511599194,0.0015,0
4,5.651302605210421,1.0012719910886712,0.0015,0
4,5.691382765531062,0.9968452807812765,0.0015,0
4,5.731462925851703,1.0013874544121344,0.0015,0
4,5.771543086172344,0.9981245885950613,0.0015,0
4,5.811623246492986,1.0003903487303325,0.0015,0
4,5.851703406813627,1.000078421730804,0.0015,0
4,5.891783567134269,1.0019581625169385,0.0015,0
4,5.9318637274549095,0.9998822890377548,0.0015,0
4,5.971943887775551,0.9990552859745822,0.0015,0
4,6.012024048096192,0.999282686922456,0.0015,0
4,6.052104208416833,1.0018979571516875,0.0015,0
4,6.092184368737475,1.0007391351947728,0.0015,0
4,6.132264529058116,0.9993023860307022,0.0015,0
4,6.1723446893787575,0.9994724568544221,0.0015,0
4,6.212424849699398,0.9974228800495475,0.0015,0
4,6.25250501002004,1.000303169118192,0.0015,0
4,6.292585170340681,0.997027908148962,0.0015,0
4,6.332665330661323,1.0007429304284547,0.0015,0
4,6.372745490981964,0.9997562700701094,0.0015,0
4,6.4128256513026045,1.0030924324273616,0.0015,0
4,6.452905811623246,0.9978110999701798,0.0015,0
4,6.492985971943887,0.9992573058770152,0.0015,0
4,6.533066132264529,1.0020594881295373,0.0015,0
4,6.57314629258517,1.0011007241807244,0.0015,0
4,6.613226452905812,0.9982217930200024,0.0015,0
4,6.6533066132264524,0.9995554833598743,0.0015,0
4,6.693386773547094,0.9991769623935581,0.0015,0
4,6.733466933867735,0.9995523972950566,0.0015,0
4,6.773547094188377,0.9980380695567466,0.0015,0
4,6.813627254509018,0.9989099190355436,0.0015,0
4,6.853707414829659,0.9966058678174717,0.0015,0
4,6.8937875751503,0.999165968609476,0.0015,0
4,6.933867735470941,0.9995999931323422,0.0015,0
4,6.973947895791583,0.9985469029255335,0.0015,0
4,7.014028056112224,0.9964299646547469,0.0015,0
4,7.054108216432866,1.000301332684667,0.0015,0
4,7.0941883767535066,0.9993328453088781,0.0015,0
4,7.134268537074148,0.9976661289579974,0.0015,0
4,7.174348697394789,0.9983049557744834,0.0015,0
4,7.214428857715431,0.996447206079845,0.0015,0
4,7.254509018036072,0.997134133408389,0.0015,0
4,7.294589178356713,0.9978412882708141,0.0015,0
4,7.3346693386773545,1.0004681428471562,0.0015,0
4,7.374749498997995,0.9976455416384585,0.0015,0
4,7.414829659318637,0.9995462078751477,0.0015,0
4,7.454909819639278,0.9977613337795573,0.0015,0
4,7.49498997995992,0.9989255022618789,0.0015,0
4,7.535070140280561,0.9983281323490225,0.0015,0
4,7.575150300601202,0.999838344312331,0.0015,0
4,7.615230460921843,0.9977169801818001,0.0015,0
4,7.655310621242485,0.9961527589327401,0.0015,0
4,7.695390781563126,0.9964329081157085,0.0015,0
4,7.735470941883767,0.9977042294151712,0.0015,0
4,7.775551102204409,0.9966266082312809,0.0015,0
4,7.8156312625250495,0.9991156096707638,0.0015,0
4,7.855711422845691,0.9978036736676893,0.0015,0
4,7.895791583166332,1.0020682081829397,0.0015,0
4,7.935871743486974,0.9959056319424779,0.0015,0
4,7.975951903807615,0.9988254844724752,0.0015,0
4,8.016032064128256,0.9968378512962104,0.0015,0
4,8.056112224448897,0.9978013275930929,0.0015,0
4,8.09619238476954,0.9987670951560661,0.0015,0
4,8.13627254509018,0.9950823152786238,0.0015,0
4,8.176352705410821,0.9989428680257116,0.0015,0
4,8.216432865731463,1.0014610743361956,0.0015,0
4,8.256513026052104,0.9979474430727159,0.0015,0
4,8.296593186372744,0.9990399757373455,0.0015,0
4,8.336673346693386,1.0002120566487986,0.0015,0
4,8.376753507014028,0.9984548691513911,0.0015,0
4,8.41683366733467,0.9978571657369492,0.0015,0
4,8.45691382765531,0.9953444533732745,0.0015,0
4,8.496993987975952,0.9997506032433848,0.0015,0
4,8.537074148296593,0.9986519907670377,0.0015,0
4,8.577154308617233,0.9973368686314371,0.0015,0
4,8.617234468937875,0.9990814211147284,0.0015,0
4,8.657314629258517,0.9980530716570564,0.0015,0
4,8.697394789579159,0.9981744056725416,0.0015,0
4,8.737474949899799,0.9999162710518107,0.0015,0
4,8.77755511022044,0.997040335428119,0.0015,0
4,8.817635270541082,1.000661188824928,0.0015,0
4,8.857715430861724,0.9970371708748187,0.0015,0
4,8.897795591182364,0.9981842533296543,0.0015,0
4,8.937875751503006,1.0021083934301949,0.0015,0
4,8.977955911823647,1.0009616792517504,0.0015,0
4,9.018036072144287,0.9994646699409192,0.0015,0
4,9.05811623246493,0.9979559677224369,0.0015,0
4,9.098196392785571,0.9986221731659596,0.0015,0
4,9.138276553106213,0.9995760688406841,0.0015,0
4,9.178356713426853,0.9995732058203332,0.0015,0
4,9.218436873747494,0.9994320048443139,0.0015,0
4,9.258517034068136,0.9995740113931156,0.0015,0
4,9.298597194388778,0.9993511378554093,0.0015,0
4,9.338677354709418,0.9975625963381723,0.0015,0
4,9.37875751503006,0.9990040174035552,0.0015,0
4,9.418837675350701,1.0012042249543847,0.0015,0
4,9.458917835671341,0.9978335098225918,0.0015,0
4,9.498997995991983,0.9996555479126163,0.0015,0
4,9.539078156312625,0.9987641979989522,0.0015,0
4,9.579158316633267,1.0002148102345643,0.0015,0
4,9.619238476953907,0.9995187286780655,0.0015,0
4,9.659318637274549,1.0023715312218575,0.0015,0
4,9.69939879759519,1.0009688765709204,0.0015,0
4,9.739478957915832,0.9982945877320216,0.0015,0
4,9.779559118236472,1.0013220857003038,0.0015,0
4,9.819639278557114,0.9992058091364354,0.0015,0
4,9.859719438877756,0.9995543596400194,0.0015,0
4,9.899799599198396,1.0009421066603308,0.0015,0
4,9.939879759519037,0.9997846709121557,0.0015,0
4,9.97995991983968,1.0019118137674237,0.0015,0
4,10.02004008016032,0.9994602620272889,0.0015,0
4,10.06012024048096,0.9997422993873939,0.0015,0
4,10.100200400801603,0.9997339869791977,0.0015,0
4,10.140280561122244,0.9999169794164484,0.0015,0
4,10.180360721442886,1.0024601285210757,0.0015,0
4,10.220440881763526,1.001799389301265,0.0015,0
4,10.260521042084168,1.0034648564430946,0.0015,0
4,10.30060120240481,1.004343987835009,0.0015,0
4,10.34068136272545,0.9994378072591087,0.0015,0
4,10.380761523046091,1.0011295995100078,0.0015,0
4,10.420841683366733,0.9992984332113867,0.0015,0
4,10.460921843687375,0.9999337123534525,0.0015,0
4,10.501002004008015,1.000190961345686,0.0015,0
4,10.541082164328657,0.9995848464314445,0.0015,0
4,10.581162324649299,0.9996257265914564,0.0015,0
4,10.62124248496994,1.00101855213916,0.0015,0
4,10.66132264529058,0.999439724070561,0.0015,0
4,10.701402805611222,1.0025561783184782,0.0015,0
4,10.741482965931864,0.9999428704693085,0.0015,0
4,10.781563126252504,1.0055586595293131,0.0015,0
4,10.821643286573146,1.0006902949984073,0.0015,0
4,10.861723446893787,1.0014966941906311,0.0015,0
4,10.901803607214429,0.999465154896452,0.0015,0
4,10.941883767535069,1.0039849809141896,0.0015,0
4,10.98196392785571,1.0031209256847928,0.0015,0
4,11.022044088176353,1.001901014151257,0.0015,0
4,11.062124248496994,0.9994475184252056,0.0015,0
4,11.102204408817634,1.0017939050543676,0.0015,0
4,11.142284569138276,0.999804028066945,0.0015,0
4,11.182364729458918,1.0036860541358865,0.0015,0
4,11.222444889779558,1.0027107284363868,0.0015,0
4,11.2625250501002,1.0016425727738127,0.0015,0
4,11.302605210420841,0.9978453881715479,0.0015,0
4,11.342685370741483,1.000023424026105,0.0015,0
4,11.382765531062123,1.0025268467130304,0.0015,0
4,11.422845691382765,1.0033092525948408,0.0015,0
4,11.462925851703407,1.003146475666539,0.0015,0
4,11.503006012024048,0.9990855765139953,0.0015,0
4,11.543086172344688,1.0019148925304349,0.0015,0
4,11.58316633266533,1.0029729122093003,0.0015,0
4,11.623246492985972,0.998947335338205,0.0015,0
4,11.663326653306612,1.0014063243570932,0.0015,0
4,11.703406813627254,1.001810451869698,0.0015,0
4,11.743486973947896,1.0009282371675963,0.0015,0
4,11.783567134268537,0.998579051941122,0.0015,0
4,11.823647294589177,1.0008449017315049,0.0015,0
4,11.863727454909819,1.0008169192761047,0.0015,0
4,11.90380761523046,1.0010585047846634,0.0015,0
4,11.943887775551103,1.0004064849514929,0.0015,0
4,11.983967935871743,1.0005566327137967,0.0015,0
4,12.024048096192384,1.0011294700540636,0.0015,0
4,12.064128256513026,1.0018190511680043,0.0015,0
4,12.104208416833666,1.000663573708748,0.0015,0
4,12.144288577154308,1.0004691353579194,0.0015,0
4,12.18436873747495,1.0011841323817694,0.0015,0
4,12.224448897795591,0.9981248668722421,0.0015,0
4,12.264529058116231,1.001681130688831,0.0015,0
4,12.304609218436873,1.0009228210120586,0.0015,0
4,12.344689378757515,1.0009400982699805,0.0015,0
4,12.384769539078157,1.0022774122130635,0.0015,0
4,12.424849699398797,0.9978617579388107,0.0015,0
4,12.464929859719438,0.9977838772839229,0.0015,0
4,12.50501002004008,1.0011080170708346,0.0015,0
4,12.54509018036072,1.0006384168273685,0.0015,0
4,12.585170340681362,1.0008552983267234,0.0015,0
4,12.625250501002004,0.999857006584374,0.0015,0
4,12.665330661322646,1.001496179970581,0.0015,0
4,12.705410821643286,1.0018474133777016,0.0015,0
4,12.745490981963927,1.0011226538518465,0.0015,0
4,12.785571142284569,0.9999531496675846,0.0015,0
4,12.825651302605209,0.9971301245318106,0.0015,0
4,12.86573146292585,1.0013924017410705,0.0015,0
4,12.905811623246493,1.002017720534296,0.0015,0
4,12.945891783567134,1.0010983056810114,0.0015,0
4,12.985971943887774,0.9987581748141433,0.0015,0
4,13.026052104208416,1.0010343999641083,0.0015,0
4,13.066132264529058,1.0012605421723977,0.0015,0
4,13.1062124248497,1.0022540503693305,0.0015,0
4,13.14629258517034,0.9985478484300188,0.0015,0
4,13.186372745490981,0.99946869733008,0.0015,0
4,13.226452905811623,1.0008759011551136,0.0015,0
4,13.266533066132263,0.9997880391262667,0.0015,0
4,13.306613226452905,0.9979732493038677,0.0015,0
4,13.346693386773547,1.0002189357481552,0.0015,0
4,13.386773547094188,1.0004132959021188,0.0015,0
4,13.426853707414828,0.999626128360151,0.0015,0
4,13.46693386773547,0.9997730965590224,0.0015,0
4,13.507014028056112,0.999005915364405,0.0015,0
4,13.547094188376754,1.0015624319413812,0.0015,0
4,13.587174348697394,0.9979458622164684,0.0015,0
4,13.627254509018035,0.9983687161997007,0.0015,0
4,13.667334669338677,0.9992199434502275,0.0015,0
4,13.707414829659317,1.0004766948719868,0.0015,0
4,13.747494989979959,0.99686809203633,0.0015,0
4,13.7875751503006,0.9971057410248221,0.0015,0
4,13.827655310621243,0.9959728297456746,0.0015,0
4,13.867735470941883,0.9990379577500809,0.0015,0
4,13.907815631262524,0.9972722570602631,0.0015,0
4,13.947895791583166,0.9983350506923749,0.0015,0
4,13.987975951903808,0.9998675113805652,0.0015,0
4,14.028056112224448,0.9978781535670739,0.0015,0
4,14.06813627254509,0.9991539148129206,0.0015,0
4,14.108216432865731,0.9983260529476804,0.0015,0
4,14.148296593186371,0.9997528845363117,0.0015,0
4,14.188376753507013,0.9994286829153406,0.0015,0
4,14.228456913827655,0.9976510296871378,0.0015,0
4,14.268537074148297,0.9984105887045454,0.0015,0
4,14.308617234468937,1.0002055470446525,0.0015,0
4,14.348697394789578,0.9992081229628726,0.0015,0
4,14.38877755511022,0.9965025286843112,0.0015,0
4,14.428857715430862,0.9995631273737856,0.0015,0
4,14.468937875751502,0.9969363509026717,0.0015,0
4,14.509018036072144,1.00066746230568,0.0015,0
4,14.549098196392785,1.000072144995758,0.0015,0
4,14.589178356713425,0.9989600235861238,0.0015,0
4,14.629258517034067,0.9987521518529404,0.0015,0
4,14.669338677354709,0.9981957815069362,0.0015,0
4,14.70941883767535,0.9995220722324505,0.0015,0
4,14.74949899799599,0.997945011103735,0.0015,0
4,14.789579158316633,0.9988533648767377,0.0015,0
4,14.829659318637274,0.9998086845055868,0.0015,0
4,14.869739478957916,0.9976607861975204,0.0015,0
4,14.909819639278556,0.9975838566207644,0.0015,0
4,14.949899799599198,0.9967231778712369,0.0015,0
4,14.98997995991984,0.9969265194625386,0.0015,0
4,15.03006012024048,0.9957910492285298,0.0015,0
4,15.070140280561121,0.9996406966412372,0.0015,0
4,15.110220440881763,1.0012735182486243,0.0015,0
4,15.150300601202405,1.0007141961767905,0.0015,0
4,15.190380761523045,0.9961549749241605,0.0015,0
4,15.230460921843687,0.999701101965999,0.0015,0
4,15.270541082164328,1.0007684916732469,0.0015,0
4,15.31062124248497,0.9979733954156532,0.0015,0
4,15.35070140280561,0.9988357956949238,0.0015,0
4,15.390781563126252,0.9956985026873026,0.0015,0
4,15.430861723446894,0.9991388332063873,0.0015,0
4,15.470941883767534,0.9971734082916517,0.0015,0
4,15.511022044088175,0.9990998127363173,0.0015,0
4,15.551102204408817,0.9964917206318278,0.0015,0
4,15.591182364729459,0.9996824867201498,0.0015,0
4,15.631262525050099,1.0004411074546429,0.0015,0
4,15.67134268537074,0.9977671256283434,0.0015,0
4,15.711422845691382,0.9972754378461888,0.0015,0
4,15.751503006012024,0.9957870323944075,0.0015,0
4,15.791583166332664,0.9986629587572777,0.0015,0
4,15.831663326653306,0.9982329133955729,0.0015,0
4,15.871743486973948,0.9968226582637905,0.0015,0
4,15.911823647294588,0.9998736996586796,0.0015,0
4,15.95190380761523,0.9985652429348607,0.0015,0
4,15.991983967935871,0.9976736048300838,0.0015,0
4,16.03206412825651,0.9985032828598512,0.0015,0
4,16.072144288577153,1.0009908913860002,0.0015,0
4,16.112224448897795,1.000337930367258,0.0015,0
4,16.152304609218437,0.9992888093220548,0.0015,0
4,16.19238476953908,1.000463497368561,0.0015,0
4,16.23246492985972,0.9978450653075266,0.0015,0
4,16.27254509018036,0.9996871170008903,0.0015,0
4,16.312625250501,0.9999121416988174,0.0015,0
4,16.352705410821642,0.999039399473047,0.0015,0
4,16.392785571142284,1.0004506688684482,0.0015,0
4,16.432865731462925,0.9986804203953826,0.0015,0
4,16.472945891783567,1.0006695835849129,0.0015,0
4,16.51302605210421,1.0007865457590284,0.0015,0
4,16.55310621242485,0.9956369762319242,0.0015,0
4,16.59318637274549,1.0018521166033305,0.0015,0
4,16.63326653306613,0.9955490649313871,0.0015,0
4,16.673346693386772,0.9992501400127218,0.0015,0
4,16.713426853707414,1.0017657099202364,0.0015,0
4,16.753507014028056,0.999804937442549,0.0015,0
4,16.793587174348698,0.9981344047410362,0.0015,0
4,16.83366733466934,0.9987454624785502,0.0015,0
4,16.873747494989978,1.0019783114272367,0.0015,0
4,16.91382765531062,0.9976070139835539,0.0015,0
4,16.95390781563126,1.0022334422256398,0.0015,0
4,16.993987975951903,1.000507288451269,0.0015,0
4,17.034068136272545,0.9988505711725307,0.0015,0
4,17.074148296593187,0.9998128869707481,0.0015,0
4,17.11422845691383,0.9992092286915654,0.0015,0
4,17.154308617234467,1.0020809573633858,0.0015,0
4,17.19438877755511,1.0019258041233987,0.0015,0
4,17.23446893787575,0.9982928931043056,0.0015,0
4,17.274549098196392,1.0003095910206428,0.0015,0
4,17.314629258517034,0.9996623610021476,0.0015,0
4,17.354709418837675,1.0029383260889047,0.0015,0
4,17.394789579158317,0.9990125424852319,0.0015,0
4,17.43486973947896,1.0034823219451612,0.0015,0
4,17.474949899799597,1.001062930855809,0.0015,0
4,17.51503006012024,0.9994054258374362,0.0015,0
4,17.55511022044088,1.0001663845754076,0.0015,0
4,17.595190380761522,1.0000123059578683,0.0015,0
4,17.635270541082164,0.999333672967528,0.0015,0
4,17.675350701402806,1.0014170952507382,0.0015,0
4,17.715430861723448,0.9994605862059632,0.0015,0
4,17.755511022044086,0.9980578292462965,0.0015,0
4,17.795591182364728,1.0007830637946564,0.0015,0
4,17.83567134268537,0.9986707437442366,0.0015,0
4,17.87575150300601,1.0002674568186327,0.0015,0
4,17.915831663326653,1.0000509076639972,0.0015,0
4,17.955911823647295,1.0001247711471444,0.0015,0
4,17.995991983967937,1.0044482205048224,0.0015,0
4,18.036072144288575,1.0015447014938514,0.0015,0
4,18.076152304609217,1.001839559418085,0.0015,0
4,18.11623246492986,0.9988164199151204,0.0015,0
4,18.1563126252505,1.000507670494888,0.0015,0
4,18.196392785571142,1.0018172405240957,0.0015,0
4,18.236472945891784,0.9999612308023127,0.0015,0
4,18.276553106212425,1.0028619174012112,0.0015,0
4,18.316633266533067,0.9996956362650057,0.0015,0
4,18.356713426853705,1.001068049175409,0.0015,0
4,18.396793587174347,1.0006145000773736,0.0015,0
4,18.43687374749499,1.0017341048107873,0.0015,0
4,18.47695390781563,1.0005190098293983,0.0015,0
4,18.517034068136272,1.0010636106393818,0.0015,0
4,18.557114228456914,1.001104059786928,0.0015,0
4,18.597194388777556,1.000343089971184,0.0015,0
4,18.637274549098194,1.0021568595092514,0.0015,0
4,18.677354709418836,1.0017694987825174,0.0015,0
4,18.717434869739478,1.0012598656222116,0.0015,0
4,18.75751503006012,1.0007261669219707,0.0015,0
4,18.79759519038076,1.0025439630010038,0.0015,0
4,18.837675350701403,1.0009709421598163,0.0015,0
4,18.877755511022045,1.0008384798471235,0.0015,0
4,18.917835671342683,1.0014277126243258,0.0015,0
4,18.957915831663325,1.0037860649908963,0.0015,0
4,18.997995991983966,0.9991995517947523,0.0015,0
4,19.03807615230461,1.0023322065858733,0.0015,0
4,19.07815631262525,0.9983034759154642,0.0015,0
4,19.118236472945892,1.001433474321476,0.0015,0
4,19.158316633266534,1.0034330874270292,0.0015,0
4,19.198396793587175,1.0017649792622623,0.0015,0
4,19.238476953907814,1.0012480918783333,0.0015,0
4,19.278557114228455,1.0001103738721615,0.0015,0
4,19.318637274549097,1.0009552819173013,0.0015,0
4,19.35871743486974,1.0004871039502774,0.0015,0
4,19.39879759519038,0.9996416006450327,0.0015,0
4,19.438877755511022,1.0003400576041144,0.0015,0
4,19.478957915831664,1.0010257454598768,0.0015,0
4,19.519038076152302,0.9995297084610476,0.0015,0
4,19.559118236472944,0.9994225909826154,0.0015,0
4,19.599198396793586,0.9985423103032696,0.0015,0
4,19.639278557114228,1.0011186706908155,0.0015,0
4,19.67935871743487,1.0012997865082984,0.0015,0
4,19.71943887775551,1.0007778872345872,0.0015,0
4,19.759519038076153,1.0018261902739076,0.0015,0
4,19.79959919839679,1.0004577842160023,0.0015,0
4,19.839679358717433,1.0008611255300537,0.0015,0
4,19.879759519038075,1.0006756381891568,0.0015,0
4,19.919839679358716,1.000029060393745,0.0015,0
4,19.95991983967936,0.9993164107489796,0.0015,0
4,20.0,1.0033799997085777,0.0015,0
5,0.0,0.9978836871182251,0.0015,0
5,0.04008016032064128,0.9975790319342791,0.0015,0
5,0.08016032064128256,0.9992469385887296,0.0015,0
5,0.12024048096192384,0.9989935978769939,0.0015,0
5,0.16032064128256512,0.9965303126378123,0.0015,0
5,0.2004008016032064,1.0003449642895377,0.0015,0
5,0.24048096192384769,0.9985448348931715,0.0015,0
5,0.280561122244489,0.997046610276088,0.0015,0
5,0.32064128256513025,1.000524728781115,0.0015,0
5,0.3607214428857715,0.9997102402439612,0.0015,0
5,0.4008016032064128,0.996906677712698,0.0015,0
5,0.4408817635270541,1.001502577205832,0.0015,0
5,0.48096192384769537,0.9998598165634349,0.0015,0
5,0.5210420841683366,0.998892604165274,0.0015,0
5,0.561122244488978,1.0013309176893677,0.0015,0
5,0.6012024048096192,0.9992235918363077,0.0015,0
5,0.6412825651302605,0.9989828902220691,0.0015,0
5,0.6813627254509018,0.9980761960860445,0.0015,0
5,0.721442885771543,0.9999822612193758,0.0015,0
5,0.7615230460921844,0.9998683817473804,0.0015,0
5,0.8016032064128256,0.999220584747111,0.0015,0
5,0.8416833667334669,0.9980597094038033,0.0015,0
5,0.8817635270541082,0.999486685578963,0.0015,0
5,0.9218436873747494,0.9992351109923339,0.0015,0
5,0.9619238476953907,0.997388470434589,0.0015,0
5,1.002004008016032,0.9972306272485048,0.0015,0
5,1.0420841683366733,1.0003364665564234,0.0015,0
5,1.0821643286573146,0.9956369563664615,0.0015,0
5,1.122244488977956,0.9998995525503782,0.0015,0
5,1.1623246492985972,0.998926488825483,0.0015,0
5,1.2024048096192383,1.0016586211828606,0.0015,0
5,1.2424849699398797,0.9990090799075956,0.0015,0
5,1.282565130260521,1.000791863951253,0.0015,0
5,1.3226452905811623,0.9992608776878437,0.0015,0
5,1.3627254509018036,1.0000806675320104,0.0015,0
5,1.4028056112224447,1.001069213362729,0.0015,0
5,1.442885771543086,0.9993240848984952,0.0015,0
5,1.4829659318637274,1.001566687517646,0.0015,0
5,1.5230460921843687,0.9986351521036657,0.0015,0
5,1.56312625250501,1.0006212692416678,0.0015,0
5,1.6032064128256511,1.0016167884806766,0.0015,0
5,1.6432865731462925,1.0012760327435042,0.0015,0
5,1.6833667334669338,1.0032134213413362,0.0015,0
5,1.723446893787575,0.9992459341811436,0.0015,0
5,1.7635270541082164,0.9983742022881278,0.0015,0
5,1.8036072144288577,0.9990026833093009,0.0015,0
5,1.8436873747494988,1.0015354700910915,0.0015,0
5,1.8837675350701402,1.001341605865352,0.0015,0
5,1.9238476953907815,1.0007972520330903,0.0015,0
5,1.9639278557114228,0.9990077438061737,0.0015,0
5,2.004008016032064,1.0018898968904588,0.0015,0
5,2.0440881763527052,0.9989489982261386,0.0015,0
5,2.0841683366733466,1.0025699219555926,0.0015,0
5,2.124248496993988,1.005162021345609,0.0015,0
5,2.164328657314629,1.0014687730838394,0.0015,0
5,2.2044088176352705,1.0018358017963707,0.0015,0
5,2.244488977955912,1.000262649335133,0.0015,0
5,2.284569138276553,0.9983261217696723,0.0015,0
5,2.3246492985971945,1.000175517715365,0.0015,0
5,2.3647294589178354,0.9994770117753595,0.0015,0
5,2.4048096192384767,0.9989811609487398,0.0015,0
5,2.444889779559118,1.0037690305023574,0.0015,0
5,2.4849699398797593,1.001627072971203,0.0015,0
5,2.5250501002004007,1.001818023213243,0.0015,0
5,2.565130260521042,1.0008140552400835,0.0015,0
5,2.6052104208416833,1.0010457257521264,0.0015,0
5,2.6452905811623246,1.002777613114031,0.0015,0
5,2.685370741482966,1.0013063139246945,0.0015,0
5,2.7254509018036073,1.0021731397179876,0.0015,0
5,2.7655310621242486,1.001103589436497,0.0015,0
5,2.8056112224448895,1.0009030549578393,0.0015,0
5,2.845691382765531,0.999322768609455,0.0015,0
5,2.885771543086172,0.998481517168294,0.0015,0
5,2.9258517034068134,1.001068924741277,0.0015,0
5,2.9659318637274548,1.0015572484012025,0.0015,0
5,3.006012024048096,0.9995526384773158,0.0015,0
5,3.0460921843687374,1.001437533728433,0.0015,0
5,3.0861723446893787,1.0015753600958337,0.0015,0
5,3.12625250501002,0.9982642701008206,0.0015,0
5,3.1663326653306614,1.0001272070172011,0.0015,0
5,3.2064128256513023,1.0021104606954905,0.0015,0
5,3.2464929859719436,1.002077883175366,0.0015,0
5,3.286573146292585,0.9997625752483441,0.0015,0
5,3.3266533066132262,1.0017246200006211,0.0015,0
5,3.3667334669338675,1.0030124947706243,0.0015,0
5,3.406813627254509,1.0026345155203675,0.0015,0
5,3.44689378757515,1.0013140986048146,0.0015,0
5,3.4869739478957915,1.000741298445589,0.0015,0
5,3.527054108216433,1.0004836140588937,0.0015,0
5,3.567134268537074,1.002111880799067,0.0015,0
5,3.6072144288577155,1.0016835025140494,0.0015,0
5,3.6472945891783564,1.0023138480659448,0.0015,0
5,3.6873747494989977,1.0015446756635789,0.0015,0
5,3.727454909819639,1.002550390746982,0.0015,0
5,3.7675350701402803,1.0014378023503976,0.0015,0
5,3.8076152304609217,1.002444938282511,0.0015,0
5,3.847695390781563,1.0025444901953209,0.0015,0
5,3.8877755511022043,1.000000214469682,0.0015,0
5,3.9278557114228456,0.9984619747072132,0.0015,0
5,3.967935871743487,1.0034550968761917,0.0015,0
5,4.008016032064128,1.0014890373864205,0.0015,0
5,4.04809619238477,0.9984950833691854,0.0015,0
5,4.0881763527054105,0.9999574653019514,0.0015,0
5,4.128256513026052,1.0021460577109826,0.0015,0
5,4.168336673346693,1.0005275038376769,0.0015,0
5,4.208416833667335,1.0001364742077168,0.0015,0
5,4.248496993987976,1.0029622657589532,0.0015,0
5,4.288577154308617,0.99924527471419,0.0015,0
5,4.328657314629258,0.9995731815918028,0.0015,0
5,4.368737474949899,1.001040700527903,0.0015,0
5,4.408817635270541,1.0012615759456225,0.0015,0
5,4.448897795591182,1.0013718061415575,0.0015,0
5,4.488977955911824,1.001944734906632,0.0015,0
5,4.529058116232465,1.0008255841752547,0.0015,0
5,4.569138276553106,1.0012109476271138,0.0015,0
5,4.609218436873747,1.0000365961733215,0.0015,0
5,4.649298597194389,1.000467445327589,0.0015,0
5,4.68937875751503,1.0004822037303018,0.0015,0
5,4.729458917835671,1.00059063896403,0.0015,0
5,4.7695390781563125,1.0013735439573275,0.0015,0
5,4.809619238476953,1.000993917361894,0.0015,0
5,4.849699398797595,1.0001737803251485,0.0015,0
5,4.889779559118236,0.9988398827654023,0.0015,0
5,4.929859719438878,1.0001011262234734,0.0015,0
5,4.969939879759519,0.9999036407452269,0.0015,0
5,5.01002004008016,1.0001815581915454,0.0015,0
5,5.050100200400801,1.0031478322242997,0.0015,0
5,5.090180360721443,0.9989988531282612,0.0015,0
5,5.130260521042084,1.0003646927249412,0.0015,0
5,5.170340681362725,1.0012810469810827,0.0015,0
5,5.210420841683367,0.9997728676851229,0.0015,0
5,5.2505010020040075,1.0030806276036166,0.0015,0
5,5.290581162324649,0.9989553475760206,0.0015,0
5,5.33066132264529,0.9999577050007997,0.0015,0
5,5.370741482965932,0.9982232110558394,0.0015,0
5,5.410821643286573,0.9988447298307064,0.0015,0
5,5.4509018036072145,0.9996968277468874,0.0015,0
5,5.490981963927855,1.0005451684917805,0.0015,0
5,5.531062124248497,0.9997075774839691,0.0015,0
5,5.571142284569138,1.0010718281945665,0.0015,0
5,5.611222444889779,0.998995985739405,0.0015,0
5,5.651302605210421,0.9985965736684325,0.0015,0
5,5.691382765531062,1.0031083682883302,0.0015,0
5,5.731462925851703,0.9996025375893287,0.0015,0
5,5.771543086172344,0.9978920289376839,0.0015,0
5,5.811623246492986,0.9978912570826647,0.0015,0
5,5.851703406813627,0.9974814156027882,0.0015,0
5,5.891783567134269,1.000264501699801,0.0015,0
5,5.9318637274549095,0.9982787696748322,0.0015,0
5,5.971943887775551,0.9989835874365702,0.0015,0
5,6.012024048096192,0.9986660514178547,0.0015,0
5,6.052104208416833,0.9998289267599253,0.0015,0
5,6.092184368737475,0.9974335870793313,0.0015,0
5,6.132264529058116,0.9970640374281818,0.0015,0
5,6.1723446893787575,0.9989892460699772,0.0015,0
5,6.212424849699398,0.9995313867310675,0.0015,0
5,6.25250501002004,0.999107666985186,0.0015,0
5,6.292585170340681,0.9973754089293267,0.0015,0
5,6.332665330661323,0.999588363038851,0.0015,0
5,6.372745490981964,0.9974407384704237,0.0015,0
5,6.4128256513026045,0.9977604840078333,0.0015,0
5,6.452905811623246,0.9971150096089892,0.0015,0
5,6.492985971943887,1.0004727264852764,0.0015,0
5,6.533066132264529,0.9994630843629698,0.0015,0
5,6.57314629258517,0.9994143296277365,0.0015,0
5,6.613226452905812,1.0003734765426935,0.0015,0
5,6.6533066132264524,1.002719390873706,0.0015,0
5,6.693386773547094,0.9959362760814124,0.0015,0
5,6.733466933867735,0.9973941896379734,0.0015,0
5,6.773547094188377,0.9975810700696999,0.0015,0
5,6.813627254509018,0.9972346157331059,0.0015,0
5,6.853707414829659,0.996901909916221,0.0015,0
5,6.8937875751503,0.9980781623349297,0.0015,0
5,6.933867735470941,0.9967139989146061,0.0015,0
5,6.973947895791583,0.9990546214333759,0.0015,0
5,7.014028056112224,0.998644632574628,0.0015,0
5,7.054108216432866,0.9993055096688654,0.0015,0
5,7.0941883767535066,0.9993642734503843,0.0015,0
5,7.134268537074148,0.9995277134578879,0.0015,0
5,7.174348697394789,0.9980853939224212,0.0015,0
5,7.214428857715431,1.0018512794622811,0.0015,0
5,7.254509018036072,0.9990469898117236,0.0015,0
5,7.294589178356713,0.9959290831738065,0.0015,0
5,7.3346693386773545,0.9972483666910071,0.0015,0
5,7.374749498997995,0.9961719109893126,0.0015,0
5,7.414829659318637,0.9988409779609678,0.0015,0
5,7.454909819639278,0.9986661122929023,0.0015,0
5,7.49498997995992,0.9981815154627698,0.0015,0
5,7.535070140280561,1.0019373211013471,0.0015,0
5,7.575150300601202,0.9997825806143067,0.0015,0
5,7.615230460921843,1.0000877752607737,0.0015,0
5,7.655310621242485,0.9976428348014809,0.0015,0
5,7.695390781563126,0.9975827880879189,0.0015,0
5,7.735470941883767,0.9991799627104737,0.0015,0
5,7.775551102204409,0.999428646884017,0.0015,0
5,7.8156312625250495,0.9964301257769584,0.0015,0
5,7.855711422845691,0.9989906059599187,0.0015,0
5,7.895791583166332,0.9993296042562624,0.0015,0
5,7.935871743486974,0.9990340969124436,0.0015,0
5,7.975951903807615,0.9981858919252096,0.0015,0
5,8.016032064128256,0.9986466003918828,0.0015,0
5,8.056112224448897,0.9992412441239275,0.0015,0
5,8.09619238476954,0.9996940013065636,0.0015,0
5,8.13627254509018,1.000516829261592,0.0015,0
5,8.176352705410821,1.001283271983407,0.0015,0
5,8.216432865731463,0.9992732493085877,0.0015,0
5,8.256513026052104,0.9990836889392856,0.0015,0
5,8.296593186372744,1.0004778594193318,0.0015,0
5,8.336673346693386,1.0007913271208475,0.0015,0
5,8.376753507014028,0.9992776046216593,0.0015,0
5,8.41683366733467,1.0011684330176702,0.0015,0
5,8.45691382765531,1.0015061805481607,0.0015,0
5,8.496993987975952,1.0020282443420943,0.0015,0
5,8.537074148296593,1.0028119907149158,0.0015,0
5,8.577154308617233,0.998898492845128,0.0015,0
5,8.617234468937875,1.0002723156774678,0.0015,0
5,8.657314629258517,1.0003214107876364,0.0015,0
5,8.697394789579159,1.0002100157160014,0.0015,0
5,8.737474949899799,0.9994354013502477,0.0015,0
5,8.77755511022044,0.9982325927064668,0.0015,0
5,8.817635270541082,1.000650998354283,0.0015,0
5,8.857715430861724,0.9994098266055611,0.0015,0
5,8.897795591182364,1.0007410034622477,0.0015,0
5,8.937875751503006,0.9994698090541186,0.0015,0
5,8.977955911823647,0.9990593927204092,0.0015,0
5,9.018036072144287,1.001107416273691,0.0015,0
5,9.05811623246493,1.0010284612004015,0.0015,0
5,9.098196392785571,1.0017160740550923,0.0015,0
5,9.138276553106213,1.0041699226175336,0.0015,0
5,9.178356713426853,1.0013498839061907,0.0015,0
5,9.218436873747494,1.001703186255324,0.0015,0
5,9.258517034068136,0.9993995731070181,0.0015,0
5,9.298597194388778,0.9991245907155251,0.0015,0
5,9.338677354709418,1.0034668675845122,0.0015,0
5,9.37875751503006,0.9997436612928644,0.0015,0
5,9.418837675350701,0.9995977614926191,0.0015,0
5,9.458917835671341,1.0011383199125554,0.0015,0
5,9.498997995991983,1.0010934213441034,0.0015,0
5,9.539078156312625,0.999905101771885,0.0015,0
5,9.579158316633267,1.0008299241486005,0.0015,0
5,9.619238476953907,1.0031583039644398,0.0015,0
5,9.659318637274549,1.0001304055966733,0.0015,0
5,9.69939879759519,0.999272309561509,0.0015,0
5,9.739478957915832,1.0027983673424061,0.0015,0
5,9.779559118236472,1.0021427892178902,0.0015,0
5,9.819639278557114,1.0004916154635932,0.0015,0
5,9.859719438877756,0.9990653516622762,0.0015,0
5,9.899799599198396,1.000336014214848,0.0015,0
5,9.939879759519037,1.001383359361539,0.0015,0
5,9.97995991983968,1.0032244944896773,0.0015,0
5,10.02004008016032,0.9999297736219952,0.0015,0
5,10.06012024048096,1.001364605675483,0.0015,0
5,10.100200400801603,1.0025089113640602,0.0015,0
5,10.140280561122244,0.9979271659802391,0.0015,0
5,10.180360721442886,1.0030506788807516,0.0015,0
5,10.220440881763526,0.9997253152242219,0.0015,0
5,10.260521042084168,1.0019940358968566,0.0015,0
5,10.30060120240481,1.0018611828913047,0.0015,0
5,10.34068136272545,1.003111223521513,0.0015,0
5,10.380761523046091,1.002301995348755,0.0015,0
5,10.420841683366733,0.9978990282629585,0.0015,0
5,10.460921843687375,1.0002752545086546,0.0015,0
5,10.501002004008015,1.0016453108370627,0.0015,0
5,10.541082164328657,1.001129252123872,0.0015,0
5,10.581162324649299,1.0021200169739513,0.0015,0
5,10.62124248496994,1.0025677132062374,0.0015,0
5,10.66132264529058,1.0022746128395414,0.0015,0
5,10.701402805611222,1.0010170321708702,0.0015,0
5,10.741482965931864,0.9985437163052688,0.0015,0
5,10.781563126252504,1.000603077714727,0.0015,0
5,10.821643286573146,1.0018822649457841,0.0015,0
5,10.861723446893787,0.9995918273447558,0.0015,0
5,10.901803607214429,1.002142607284503,0.0015,0
5,10.941883767535069,1.0025249347237468,0.0015,0
5,10.98196392785571,1.0013177906131516,0.0015,0
5,11.022044088176353,0.9964955066086317,0.0015,0
5,11.062124248496994,0.9991363180064199,0.0015,0
5,11.102204408817634,1.0038436451356214,0.0015,0
5,11.142284569138276,1.000154152846647,0.0015,0
5,11.182364729458918,0.997956082415999,0.0015,0
5,11.222444889779558,1.0027422995399027,0.0015,0
5,11.2625250501002,1.0008654420212513,0.0015,0
5,11.302605210420841,1.0024577054807113,0.0015,0
5,11.342685370741483,1.0011695831932235,0.0015,0
5,11.382765531062123,1.0013948583608507,0.0015,0
5,11.422845691382765,1.001203493033507,0.0015,0
5,11.462925851703407,1.0016563183348166,0.0015,0
5,11.503006012024048,1.0039765487183265,0.0015,0
5,11.543086172344688,1.0019665044972519,0.0015,0
5,11.58316633266533,0.9980884179678726,0.0015,0
5,11.623246492985972,1.0010772572607542,0.0015,0
5,11.663326653306612,1.0020672971320046,0.0015,0
5,11.703406813627254,1.0021064786695069,0.0015,0
5,11.743486973947896,0.9996094800864914,0.0015,0
5,11.783567134268537,1.0019434415919426,0.0015,0
5,11.823647294589177,1.0015340222061115,0.0015,0
5,11.863727454909819,1.0039473841505424,0.0015,0
5,11.90380761523046,0.9989096901093317,0.0015,0
5,11.943887775551103,0.9992196316710652,0.0015,0
5,11.983967935871743,0.9994676187194153,0.0015,0
5,12.024048096192384,0.9991376235568291,0.0015,0
5,12.064128256513026,0.9984842495566348,0.0015,0
5,12.104208416833666,0.9956218251952753,0.0015,0
5,12.144288577154308,0.999060650049661,0.0015,0
5,12.18436873747495,1.0002139689588871,0.0015,0
5,12.224448897795591,0.9988677718003209,0.0015,0
5,12.264529058116231,1.0024588568512554,0.0015,0
5,12.304609218436873,0.9995246041713786,0.0015,0
5,12.344689378757515,1.0013904805972558,0.0015,0
5,12.384769539078157,0.999796170868678,0.0015,0
5,12.424849699398797,1.0005945256950295,0.0015,0
5,12.464929859719438,0.9997254863616879,0.0015,0
5,12.50501002004008,1.0013124075933597,0.0015,0
5,12.54509018036072,0.9992967049324311,0.0015,0
5,12.585170340681362,0.99991156097039,0.0015,0
5,12.625250501002004,0.9996725408229631,0.0015,0
5,12.665330661322646,0.99864740964221,0.0015,0
5,12.705410821643286,0.999645298518167,0.0015,0
5,12.745490981963927,1.0023486367926588,0.0015,0
5,12.785571142284569,0.9985519923253343,0.0015,0
5,12.825651302605209,0.9995486644030508,0.0015,0
5,12.86573146292585,1.0007694131584073,0.0015,0
5,12.905811623246493,1.0005578481881214,0.0015,0
5,12.945891783567134,0.9988312579462583,0.0015,0
5,12.985971943887774,0.9952063505584824,0.0015,0
5,13.026052104208416,0.9995258151094979,0.0015,0
5,13.066132264529058,0.9953924934318666,0.0015,0
5,13.1062124248497,1.0008992088762902,0.0015,0
5,13.14629258517034,0.998922801779846,0.0015,0
5,13.186372745490981,1.0001441129537187,0.0015,0
5,13.226452905811623,0.9972692002199623,0.0015,0
5,13.266533066132263,0.9962731535479067,0.0015,0
5,13.306613226452905,0.9989744034596236,0.0015,0
5,13.346693386773547,0.9985160572701465,0.0015,0
5,13.386773547094188,0.9978141969121357,0.0015,0
5,13.426853707414828,0.9986654203210661,0.0015,0
5,13.46693386773547,1.0026783939407293,0.0015,0
5,13.507014028056112,0.9997697460596049,0.0015,0
5,13.547094188376754,1.0000848412288985,0.0015,0
5,13.587174348697394,0.9997710617151346,0.0015,0
5,13.627254509018035,1.000720847163507,0.0015,0
5,13.667334669338677,0.9982149830531021,0.0015,0
5,13.707414829659317,0.9954183262836784,0.0015,0
5,13.747494989979959,0.9982199073076664,0.0015,0
5,13.7875751503006,0.9997246459132827,0.0015,0
5,13.827655310621243,0.9970585296682724,0.0015,0
5,13.867735470941883,0.9982567933114896,0.0015,0
5,13.907815631262524,0.9974937131647215,0.0015,0
5,13.947895791583166,1.0007963377904243,0.0015,0
5,13.987975951903808,0.9996812907267484,0.0015,0
5,14.028056112224448,0.9995500947096115,0.0015,0
5,14.06813627254509,0.9995227113173504,0.0015,0
5,14.108216432865731,0.9985537853516301,0.0015,0
5,14.148296593186371,0.9989271428096673,0.0015,0
5,14.188376753507013,0.9968759525735053,0.0015,0
5,14.228456913827655,0.9953987297749357,0.0015,0
5,14.268537074148297,0.9989298880603132,0.0015,0
5,14.308617234468937,0.9992188015631912,0.0015,0
5,14.348697394789578,1.0005764027377386,0.0015,0
5,14.38877755511022,1.0011508007857266,0.0015,0
5,14.428857715430862,1.001181646941142,0.0015,0
5,14.468937875751502,0.997363984436541,0.0015,0
5,14.509018036072144,0.9983684668678756,0.0015,0
5,14.549098196392785,0.9996546380515908,0.0015,0
5,14.589178356713425,1.0027706451706877,0.0015,0
5,14.629258517034067,1.001232917844915,0.0015,0
5,14.669338677354709,1.000733123266373,0.0015,0
5,14.70941883767535,0.9985148282792715,0.0015,0
5,14.74949899799599,0.9978153626824264,0.0015,0
5,14.789579158316633,1.0003682886071712,0.0015,0
5,14.829659318637274,0.9975797543440674,0.0015,0
5,14.869739478957916,0.9989199066816198,0.0015,0
5,14.909819639278556,0.9991531441772585,0.0015,0
5,14.949899799599198,1.0017633022578598,0.0015,0
5,14.98997995991984,0.9988913213996973,0.0015,0
5,15.03006012024048,0.9958146723600826,0.0015,0
5,15.070140280561121,1.0002810745486617,0.0015,0
5,15.110220440881763,0.9985273510320573,0.0015,0
5,15.150300601202405,0.9996918554416306,0.0015,0
5,15.190380761523045,0.9995503584787925,0.0015,0
5,15.230460921843687,0.9993227797431757,0.0015,0
5,15.270541082164328,1.0009721119129091,0.0015,0
5,15.31062124248497,0.9975408451906358,0.0015,0
5,15.35070140280561,0.9991183695139992,0.0015,0
5,15.390781563126252,1.0009738333827127,0.0015,0
5,15.430861723446894,0.9990806025952665,0.0015,0
5,15.470941883767534,0.9976424707011038,0.0015,0
5,15.511022044088175,1.0011123927288341,0.0015,0
5,15.551102204408817,1.001847938824754,0.0015,0
5,15.591182364729459,1.0001493299064452,0.0015,0
5,15.631262525050099,0.9973287995636545,0.0015,0
5,15.67134268537074,1.0013819183235668,0.0015,0
5,15.711422845691382,0.997885609668639,0.0015,0
5,15.751503006012024,1.000890632325644,0.0015,0
5,15.791583166332664,0.9991476764412507,0.0015,0
5,15.831663326653306,0.9987899322979784,0.0015,0
5,15.871743486973948,0.9999169597634232,0.0015,0
5,15.911823647294588,1.0003542616519445,0.0015,0
5,15.95190380761523,0.9997114645357226,0.0015,0
5,15.991983967935871,1.0016085236263295,0.0015,0
5,16.03206412825651,1.0001031175929365,0.0015,0
5,16.072144288577153,1.0022882615695714,0.0015,0
5,16.112224448897795,1.0012844300509787,0.0015,0
5,16.152304609218437,0.9998599131311792,0.0015,0
5,16.19238476953908,0.9996497449558562,0.0015,0
5,16.23246492985972,0.9985185884971418,0.0015,0
5,16.27254509018036,1.0014658299105699,0.0015,0
5,16.312625250501,1.000536413422997,0.0015,0
5,16.352705410821642,0.9975471835465768,0.0015,0
5,16.392785571142284,1.0003376560007877,0.0015,0
5,16.432865731462925,0.9998239518469827,0.0015,0
5,16.472945891783567,1.0035717726141582,0.0015,0
5,16.51302605210421,0.9986852780103531,0.0015,0
5,16.55310621242485,0.9991070054348109,0.0015,0
5,16.59318637274549,1.0029619295216607,0.0015,0
5,16.63326653306613,1.0033583847699201,0.0015,0
5,16.673346693386772,1.0002303181663668,0.0015,0
5,16.713426853707414,1.0004224721709625,0.0015,0
5,16.753507014028056,1.0023159886039201,0.0015,0
5,16.793587174348698,0.9979202194694049,0.0015,0
5,16.83366733466934,0.9986364864548908,0.0015,0
5,16.873747494989978,1.0010227363304283,0.0015,0
5,16.91382765531062,1.0037823632283325,0.0015,0
5,16.95390781563126,1.000815736973926,0.0015,0
5,16.993987975951903,1.0016306405236448,0.0015,0
5,17.034068136272545,1.0031879081615802,0.0015,0
5,17.074148296593187,1.004653615617525,0.0015,0
5,17.11422845691383,1.000632147573033,0.0015,0
5,17.154308617234467,1.001474359115563,0.0015,0
5,17.19438877755511,1.0042329502656433,0.0015,0
5,17.23446893787575,0.9992148807396525,0.0015,0
5,17.274549098196392,1.0030359246476226,0.0015,0
5,17.314629258517034,0.9999615189964256,0.0015,0
5,17.354709418837675,1.0016352131589146,0.0015,0
5,17.394789579158317,1.0011081711005598,0.0015,0
5,17.43486973947896,1.0000237722552656,0.0015,0
5,17.474949899799597,0.9999729363073008,0.0015,0
5,17.51503006012024,1.001847136928475,0.0015,0
5,17.55511022044088,1.0029088967058595,0.0015,0
5,17.595190380761522,1.0012022237950629,0.0015,0
5,17.635270541082164,1.0014814305561406,0.0015,0
5,17.675350701402806,1.0022106735842398,0.0015,0
5,17.715430861723448,0.9998723838621162,0.0015,0
5,17.755511022044086,1.0024135293801326,0.0015,0
5,17.795591182364728,1.002505496334111,0.0015,0
5,17.83567134268537,1.0051527602827361,0.0015,0
5,17.87575150300601,1.000652389507687,0.0015,0
5,17.915831663326653,1.0004970736894703,0.0015,0
5,17.955911823647295,1.002303763301429,0.0015,0
5,17.995991983967937,1.0023436002005415,0.0015,0
5,18.036072144288575,1.0002754997950778,0.0015,0
5,18.076152304609217,1.0004351778536953,0.0015,0
5,18.11623246492986,1.0018120636830619,0.0015,0
5,18.1563126252505,0.9997181420223077,0.0015,0
5,18.196392785571142,1.0003016266237972,0.0015,0
5,18.236472945891784,1.0010085387146808,0.0015,0
5,18.276553106212425,1.002323648291199,0.0015,0
5,18.316633266533067,0.9998773592536797,0.0015,0
5,18.356713426853705,0.9979741824732618,0.0015,0
5,18.396793587174347,0.9978154102019331,0.0015,0
5,18.43687374749499,0.9987528406983324,0.0015,0
5,18.47695390781563,0.9986230318403805,0.0015,0
5,18.517034068136272,1.0003109232641028,0.0015,0
5,18.557114228456914,0.9987088726547749,0.0015,0
5,18.597194388777556,0.9993867769702113,0.0015,0
5,18.637274549098194,0.999227926516024,0.0015,0
5,18.677354709418836,0.9996759360001259,0.0015,0
5,18.717434869739478,1.0022676610080674,0.0015,0
5,18.75751503006012,1.0012236652068212,0.0015,0
5,18.79759519038076,1.0002014786464843,0.0015,0
5,18.837675350701403,0.9994320563755303,0.0015,0
5,18.877755511022045,0.9994198981360768,0.0015,0
5,18.917835671342683,1.0005074278891624,0.0015,0
5,18.957915831663325,1.0008381023997437,0.0015,0
5,18.997995991983966,0.998546512508422,0.0015,0
5,19.03807615230461,0.9999088690174538,0.0015,0
5,19.07815631262525,0.9967531163981448,0.0015,0
5,19.118236472945892,1.0000647724129277,0.0015,0
5,19.158316633266534,1.0008374087373095,0.0015,0
5,19.198396793587175,0.9992214608342828,0.0015,0
5,19.238476953907814,1.0023141970297809,0.0015,0
5,19.278557114228455,0.998215922984024,0.0015,0
5,19.318637274549097,0.9998129135666453,0.0015,0
5,19.35871743486974,0.999382652317268,0.0015,0
5,19.39879759519038,0.9992363088113383,0.0015,0
5,19.438877755511022,0.9991664315500791,0.0015,0
5,19.478957915831664,0.9994505886566803,0.0015,0
5,19.519038076152302,1.0005148044532592,0.0015,0
5,19.559118236472944,1.0012633857433189,0.0015,0
5,19.599198396793586,0.9991483605370541,0.0015,0
5,19.639278557114228,1.0003307622854514,0.0015,0
5,19.67935871743487,0.9980123446634421,0.0015,0
5,19.71943887775551,1.0001723451793927,0.0015,0
5,19.759519038076153,0.9978401054574801,0.0015,0
5,19.79959919839679,1.000580079393823,0.0015,0
5,19.839679358717433,1.0022224140308302,0.0015,0
5,19.879759519038075,0.9986871052930457,0.0015,0
5,19.919839679358716,0.9955466563594769,0.0015,0
5,19.95991983967936,0.9979801097100517,0.0015,0
5,20.0,1.0006183294019517,0.0015,0
6,0.0,1.0004104919332395,0.0015,0
6,0.04008016032064128,1.0000063216120483,0.0015,0
6,0.08016032064128256,1.0011985032157527,0.0015,0
6,0.12024048096192384,1.0004651373094282,0.0015,0
6,0.16032064128256512,1.001618339869209,0.0015,0
6,0.2004008016032064,1.0012244520389906,0.0015,0
6,0.24048096192384769,1.0021816318186312,0.0015,0
6,0.280561122244489,1.0004911704823571,0.0015,0
6,0.32064128256513025,1.0013648215301116,0.0015,0
6,0.3607214428857715,0.9996001889181971,0.0015,0
6,0.4008016032064128,0.9992125566248166,0.0015,0
6,0.4408817635270541,1.0027286191192364,0.0015,0
6,0.48096192384769537,1.000546276471593,0.0015,0
6,0.5210420841683366,1.0014825048485183,0.0015,0
6,0.561122244488978,1.0005136524418836,0.0015,0
6,0.6012024048096192,0.9995007028370315,0.0015,0
6,0.6412825651302605,1.0004488921621009,0.0015,0
6,0.6813627254509018,1.0026377907576385,0.0015,0
6,0.721442885771543,1.0013674156535768,0.0015,0
6,0.7615230460921844,0.9980174098328567,0.0015,0
6,0.8016032064128256,1.00031106034797,0.0015,0
6,0.8416833667334669,1.0033558548024184,0.0015,0
6,0.8817635270541082,1.0004093227729893,0.0015,0
6,0.9218436873747494,0.9980759592470501,0.0015,0
6,0.9619238476953907,1.0036619047153654,0.0015,0
6,1.002004008016032,1.0018905100561781,0.0015,0
6,1.0420841683366733,1.0008053700042727,0.0015,0
6,1.0821643286573146,1.000395552533247,0.0015,0
6,1.122244488977956,1.0026172639925,0.0015,0
6,1.1623246492985972,1.0002205319407025,0.0015,0
6,1.2024048096192383,1.002794325135322,0.0015,0
6,1.2424849699398797,1.0019222796612772,0.0015,0
6,1.282565130260521,1.0015116206893002,0.0015,0
6,1.3226452905811623,1.0013969998265668,0.0015,0
6,1.3627254509018036,1.0009488799619044,0.0015,0
6,1.4028056112224447,1.0028108289825024,0.0015,0
6,1.442885771543086,0.9999737835606165,0.0015,0
6,1.4829659318637274,0.998866693261705,0.0015,0
6,1.5230460921843687,1.002247342461252,0.0015,0
6,1.56312625250501,1.0022969254974219,0.0015,0
6,1.6032064128256511,1.0020930683077975,0.0015,0
6,1.6432865731462925,1.0020051612553573,0.0015,0
6,1.6833667334669338,1.0009318168053543,0.0015,0
6,1.723446893787575,1.002611081987124,0.0015,0
6,1.7635270541082164,1.001376900885385,0.0015,0
6,1.8036072144288577,1.000728077562744,0.0015,0
6,1.8436873747494988,1.0010025329641272,0.0015,0
6,1.8837675350701402,1.0045110486689703,0.0015,0
6,1.9238476953907815,0.998885428767958,0.0015,0
6,1.9639278557114228,1.0022434533005709,0.0015,0
6,2.004008016032064,0.9989790506314882,0.0015,0
6,2.0440881763527052,1.0013373731644477,0.0015,0
6,2.0841683366733466,1.0008493480162464,0.0015,0
6,2.124248496993988,0.9983703719585347,0.0015,0
6,2.164328657314629,1.0020776574625885,0.0015,0
6,2.2044088176352705,1.0009182971057549,0.0015,0
6,2.244488977955912,0.9983318716931981,0.0015,0
6,2.284569138276553,1.002730444166889,0.0015,0
6,2.3246492985971945,1.0036121083466671,0.0015,0
6,2.3647294589178354,1.0036814037406516,0.0015,0
6,2.4048096192384767,1.0019693984520428,0.0015,0
6,2.444889779559118,1.001482945718956,0.0015,0
6,2.4849699398797593,1.0033871584549687,0.0015,0
6,2.5250501002004007,1.003897758710892,0.0015,0
6,2.565130260521042,1.0030520178335416,0.0015,0
6,2.6052104208416833,0.9999150906011085,0.0015,0
6,2.6452905811623246,1.0016034286938762,0.0015,0
6,2.685370741482966,1.0019330158530295,0.0015,0
6,2.7254509018036073,0.998529998026802,0.0015,0
6,2.7655310621242486,1.0019175358755557,0.0015,0
6,2.8056112224448895,1.0045904836188209,0.0015,0
6,2.845691382765531,1.0021068727677882,0.0015,0
6,2.885771543086172,1.0033215764615988,0.0015,0
6,2.9258517034068134,1.0013488788925908,0.0015,0
6,2.9659318637274548,1.000926338724913,0.0015,0
6,3.006012024048096,1.0015683917824831,0.0015,0
6,3.0460921843687374,0.9997317736376184,0.0015,0
6,3.0861723446893787,0.9994676431883841,0.0015,0
6,3.12625250501002,1.0027693732339351,0.0015,0
6,3.1663326653306614,1.0028839145621942,0.0015,0
6,3.2064128256513023,0.9992931580533541,0.0015,0
6,3.2464929859719436,1.0021852230322388,0.0015,0
6,3.286573146292585,1.0005552432772127,0.0015,0
6,3.3266533066132262,1.0011469671587927,0.0015,0
6,3.3667334669338675,1.0012783286268996,0.0015,0
6,3.406813627254509,1.0020295117951559,0.0015,0
6,3.44689378757515,1.0006113526005544,0.0015,0
6,3.4869739478957915,1.0025511769011008,0.0015,0
6,3.527054108216433,1.0008481476258722,0.0015,0
6,3.567134268537074,1.0012679022528965,0.0015,0
6,3.6072144288577155,0.9990289002700569,0.0015,0
6,3.6472945891783564,1.0034635901925264,0.0015,0
6,3.6873747494989977,1.0008768546239577,0.0015,0
6,3.727454909819639,1.001187906198889,0.0015,0
6,3.7675350701402803,0.997652270928536,0.0015,0
6,3.8076152304609217,0.9987765526600052,0.0015,0
6,3.847695390781563,1.001813473550694,0.0015,0
6,3.8877755511022043,1.0003330831232635,0.0015,0
6,3.9278557114228456,0.9969783011286973,0.0015,0
6,3.967935871743487,1.001352825360055,0.0015,0
6,4.008016032064128,0.9989264007856894,0.0015,0
6,4.04809619238477,1.00180606878348,0.0015,0
6,4.0881763527054105,0.999504760450859,0.0015,0
6,4.128256513026052,0.9998914650577009,0.0015,0
6,4.168336673346693,1.0013012657876716,0.0015,0
6,4.208416833667335,0.9981356279252075,0.0015,0
6,4.248496993987976,0.9979423011590288,0.0015,0
6,4.288577154308617,0.9990872633463059,0.0015,0
6,4.328657314629258,1.0005740095365603,0.0015,0
6,4.368737474949899,0.9972890366748246,0.0015,0
6,4.408817635270541,0.9967363277125643,0.0015,0
6,4.448897795591182,1.0004279736924395,0.0015,0
6,4.488977955911824,0.9982429826665801,0.0015,0
6,4.529058116232465,0.9985152722544005,0.0015,0
6,4.569138276553106,0.9962757168469145,0.0015,0
6,4.609218436873747,0.9980009999237021,0.0015,0
6,4.649298597194389,0.9989679233240095,0.0015,0
6,4.68937875751503,1.0003359673742471,0.0015,0
6,4.729458917835671,0.997746052909791,0.0015,0
6,4.7695390781563125,1.001352879696069,0.0015,0
6,4.809619238476953,0.9978053653166705,0.0015,0
6,4.849699398797595,0.9977744567660143,0.0015,0
6,4.889779559118236,1.0010735800317305,0.0015,0
6,4.929859719438878,0.9990547781185465,0.0015,0
6,4.969939879759519,0.9978812286997468,0.0015,0
6,5.01002004008016,0.9984499143691943,0.0015,0
6,5.050100200400801,1.0006872775650424,0.0015,0
6,5.090180360721443,1.0008337617053216,0.0015,0
6,5.130260521042084,0.9973878251647683,0.0015,0
6,5.170340681362725,0.9985297166062798,0.0015,0
6,5.210420841683367,0.998710775306995,0.0015,0
6,5.2505010020040075,0.9970801960708547,0.0015,0
6,5.290581162324649,0.9984619089408795,0.0015,0
6,5.33066132264529,0.9985411834785027,0.0015,0
6,5.370741482965932,1.0002331742955657,0.0015,0
6,5.410821643286573,1.000325570110413,0.0015,0
6,5.4509018036072145,0.9980141134688811,0.0015,0
6,5.490981963927855,0.9981824237750648,0.0015,0
6,5.531062124248497,0.9994971547137577,0.0015,0
6,5.571142284569138,0.9976222366153847,0.0015,0
6,5.611222444889779,0.9993842237047335,0.0015,0
6,5.651302605210421,0.9983725874845429,0.0015,0
6,5.691382765531062,0.997055468517425,0.0015,0
6,5.731462925851703,0.9970813592882801,0.0015,0
6,5.771543086172344,1.0006961700593957,0.0015,0
6,5.811623246492986,0.9983018255333098,0.0015,0
6,5.851703406813627,1.0010097586339282,0.0015,0
6,5.891783567134269,0.9977934203218225,0.0015,0
6,5.9318637274549095,0.9990171882578537,0.0015,0
6,5.971943887775551,1.002187738446923,0.0015,0
6,6.012024048096192,0.9970327995766319,0.0015,0
6,6.052104208416833,0.995794101615219,0.0015,0
6,6.092184368737475,1.0005944111758316,0.0015,0
6,6.132264529058116,0.9974497432029245,0.0015,0
6,6.1723446893787575,0.9986860235545477,0.0015,0
6,6.212424849699398,0.9978669922775989,0.0015,0
6,6.25250501002004,0.9991785232568787,0.0015,0
6,6.292585170340681,0.9973824679127993,0.0015,0
6,6.332665330661323,0.9985718974727766,0.0015,0
6,6.372745490981964,0.9995515648194279,0.0015,0
6,6.4128256513026045,0.9974008662305278,0.0015,0
6,6.452905811623246,0.9979010975315428,0.0015,0
6,6.492985971943887,0.9984694005878768,0.0015,0
6,6.533066132264529,0.9968878093994089,0.0015,0
6,6.57314629258517,0.9984390027525466,0.0015,0
6,6.613226452905812,0.9992940505666469,0.0015,0
6,6.6533066132264524,0.9985606880662783,0.0015,0
6,6.693386773547094,0.9987981895099962,0.0015,0
6,6.733466933867735,0.9992216730128994,0.0015,0
6,6.773547094188377,0.9983151502138725,0.0015,0
6,6.813627254509018,1.0003835066287308,0.0015,0
6,6.853707414829659,1.0015498725150453,0.0015,0
6,6.8937875751503,0.9987491090605581,0.0015,0
6,6.933867735470941,1.000223968676056,0.0015,0
6,6.973947895791583,0.9991878892921863,0.0015,0
6,7.014028056112224,1.0001472755696474,0.0015,0
6,7.054108216432866,1.0019999622615035,0.0015,0
6,7.0941883767535066,1.0004669819617953,0.0015,0
6,7.134268537074148,0.997096953591687,0.0015,0
6,7.174348697394789,1.0004914659741333,0.0015,0
6,7.214428857715431,1.0017134105409395,0.0015,0
6,7.254509018036072,0.9995855389220561,0.0015,0
6,7.294589178356713,1.0014653098419097,0.0015,0
6,7.3346693386773545,0.9989906451963827,0.0015,0
6,7.374749498997995,0.9978514372318674,0.0015,0
6,7.414829659318637,1.0003453237613067,0.0015,0
6,7.454909819639278,0.9975525065574711,0.0015,0
6,7.49498997995992,0.9998809742368654,0.0015,0
6,7.535070140280561,1.0022239918618785,0.0015,0
6,7.575150300601202,0.9974818017000898,0.0015,0
6,7.615230460921843,0.99847947011166,0.0015,0
6,7.655310621242485,0.9989024201977732,0.0015,0
6,7.695390781563126,1.0004066590739884,0.0015,0
6,7.735470941883767,1.0000035848004953,0.0015,0
6,7.775551102204409,1.0027006711037278,0.0015,0
6,7.8156312625250495,1.002082516558021,0.0015,0
6,7.855711422845691,1.0014420885499848,0.0015,0
6,7.895791583166332,1.0009649048447697,0.0015,0
6,7.935871743486974,1.0013826182705052,0.0015,0
6,7.975951903807615,0.9995450883568988,0.0015,0
6,8.016032064128256,1.0021680811494795,0.0015,0
6,8.056112224448897,0.9992572612062322,0.0015,0
6,8.09619238476954,1.0022202575590973,0.0015,0
6,8.13627254509018,1.0027870186359344,0.0015,0
6,8.176352705410821,1.0013634103764435,0.0015,0
6,8.216432865731463,1.0008207473812967,0.0015,0
6,8.256513026052104,1.0017220811179943,0.0015,0
6,8.296593186372744,0.9968644364762427,0.0015,0
6,8.336673346693386,1.0016437022042035,0.0015,0
6,8.376753507014028,1.001052344310373,0.0015,0
6,8.41683366733467,1.0011769116636235,0.0015,0
6,8.45691382765531,1.002341509781076,0.0015,0
6,8.496993987975952,1.0011967561155934,0.0015,0
6,8.537074148296593,0.9996241038086671,0.0015,0
6,8.577154308617233,1.0011460877865044,0.0015,0
6,8.617234468937875,1.0014815450500798,0.0015,0
6,8.657314629258517,1.0015728465580238,0.0015,0
6,8.697394789579159,1.0016617462586297,0.0015,0
6,8.737474949899799,1.0029945061027679,0.0015,0
6,8.77755511022044,0.9998211283807035,0.0015,0
6,8.817635270541082,1.0017265818571128,0.0015,0
6,8.857715430861724,1.0034088833404182,0.0015,0
6,8.897795591182364,0.9988811216432117,0.0015,0
6,8.937875751503006,1.0017596397704738,0.0015,0
6,8.977955911823647,1.0006173043933757,0.0015,0
6,9.018036072144287,1.0009425737704585,0.0015,0
6,9.05811623246493,1.0001427558688192,0.0015,0
6,9.098196392785571,1.0012450276838962,0.0015,0
6,9.138276553106213,1.0042586834639977,0.0015,0
6,9.178356713426853,0.9995956637414299,0.0015,0
6,9.218436873747494,0.99973147228784,0.0015,0
6,9.258517034068136,0.9995246405230501,0.0015,0
6,9.298597194388778,1.004058412772697,0.0015,0
6,9.338677354709418,1.0007616199005258,0.0015,0
6,9.37875751503006,1.0014026318671465,0.0015,0
6,9.418837675350701,1.000821012095878,0.0015,0
6,9.458917835671341,0.9999908038724862,0.0015,0
6,9.498997995991983,1.0010351425039208,0.0015,0
6,9.539078156312625,1.0050538680930265,0.0015,0
6,9.579158316633267,1.0034314748532591,0.0015,0
6,9.619238476953907,1.0000390890478106,0.0015,0
6,9.659318637274549,1.0022632779354586,0.0015,0
6,9.69939879759519,1.0000163817283996,0.0015,0
6,9.739478957915832,0.9985692281959732,0.0015,0
6,9.779559118236472,1.0027315631343692,0.0015,0
6,9.819639278557114,1.0029093972110086,0.0015,0
6,9.859719438877756,1.002703784336636,0.0015,0
6,9.899799599198396,1.0003938876556353,0.0015,0
6,9.939879759519037,1.0008110796631264,0.0015,0
6,9.97995991983968,1.0021470759494606,0.0015,0
6,10.02004008016032,1.001569532882256,0.0015,0
6,10.06012024048096,1.0003504226235191,0.0015,0
6,10.100200400801603,0.9984696434911368,0.0015,0
6,10.140280561122244,1.001025273955384,0.0015,0
6,10.180360721442886,1.0024280797876308,0.0015,0
6,10.220440881763526,0.9989672393823346,0.0015,0
6,10.260521042084168,1.0016748291545905,0.0015,0
6,10.30060120240481,1.0011661434055084,0.0015,0
6,10.34068136272545,1.0017453284886673,0.0015,0
6,10.380761523046091,1.0018785420805547,0.0015,0
6,10.420841683366733,0.9994786153057862,0.0015,0
6,10.460921843687375,0.9980439350566386,0.0015,0
6,10.501002004008015,0.9996175484284585,0.0015,0
6,10.541082164328657,1.0016994315327128,0.0015,0
6,10.581162324649299,0.9995001742271331,0.0015,0
6,10.62124248496994,0.9992191493289387,0.0015,0
6,10.66132264529058,0.9974748862846882,0.0015,0
6,10.701402805611222,1.0027823128428368,0.0015,0
6,10.741482965931864,1.0013381432437347,0.0015,0
6,10.781563126252504,1.0012005191646207,0.0015,0
6,10.821643286573146,1.0014433065746506,0.0015,0
6,10.861723446893787,1.0008028350558602,0.0015,0
6,10.901803607214429,0.9995174137798905,0.0015,0
6,10.941883767535069,0.9995845456941865,0.0015,0
6,10.98196392785571,0.9991353498439045,0.0015,0
6,11.022044088176353,1.0036756010452808,0.0015,0
6,11.062124248496994,1.000504509321667,0.0015,0
6,11.102204408817634,0.9989225182046083,0.0015,0
6,11.142284569138276,1.0002645356917297,0.0015,0
6,11.182364729458918,0.9979986200911465,0.0015,0
6,11.222444889779558,1.0017209442321928,0.0015,0
6,11.2625250501002,0.9984225346088407,0.0015,0
6,11.302605210420841,1.0001164786771681,0.0015,0
6,11.342685370741483,1.000915351210374,0.0015,0
6,11.382765531062123,0.999845956502114,0.0015,0
6,11.422845691382765,0.9993638738518986,0.0015,0
6,11.462925851703407,0.9991927437793484,0.0015,0
6,11.503006012024048,0.9990473164527021,0.0015,0
6,11.543086172344688,0.99822349113813,0.0015,0
6,11.58316633266533,0.9983720540435985,0.0015,0
6,11.623246492985972,1.0012246392979525,0.0015,0
6,11.663326653306612,0.9988027106621615,0.0015,0
6,11.703406813627254,0.9977484218313608,0.0015,0
6,11.743486973947896,0.9981156589084542,0.0015,0
6,11.783567134268537,1.0005050867338852,0.0015,0
6,11.823647294589177,0.9998338484503737,0.0015,0
6,11.863727454909819,0.9996283665539898,0.0015,0
6,11.90380761523046,0.9983705939165729,0.0015,0
6,11.943887775551103,0.9995875311048131,0.0015,0
6,11.983967935871743,0.9977344041851726,0.0015,0
6,12.024048096192384,0.9982842659880148,0.0015,0
6,12.064128256513026,1.0001040513412995,0.0015,0
6,12.104208416833666,0.9999381666186158,0.0015,0
6,12.144288577154308,0.9971330679762689,0.0015,0
6,12.18436873747495,0.9973036298059506,0.0015,0
6,12.224448897795591,0.9987327881553183,0.0015,0
6,12.264529058116231,1.0011435998684952,0.0015,0
6,12.304609218436873,0.9956675907233853,0.0015,0
6,12.344689378757515,0.9989468632488199,0.0015,0
6,12.384769539078157,0.9964556273962587,0.0015,0
6,12.424849699398797,0.9975604401583084,0.0015,0
6,12.464929859719438,0.9979594640141942,0.0015,0
6,12.50501002004008,0.9978714474012942,0.0015,0
6,12.54509018036072,0.9976995576074278,0.0015,0
6,12.585170340681362,0.998511044567667,0.0015,0
6,12.625250501002004,0.9976992739697602,0.0015,0
6,12.665330661322646,0.996312332978403,0.0015,0
6,12.705410821643286,0.9996816186062583,0.0015,0
6,12.745490981963927,0.9996488434661828,0.0015,0
6,12.785571142284569,0.9997939336127107,0.0015,0
6,12.825651302605209,0.9962296107683496,0.0015,0
6,12.86573146292585,0.9990025186048853,0.0015,0
6,12.905811623246493,0.9995834096425699,0.0015,0
6,12.945891783567134,0.9970397895585708,0.0015,0
6,12.985971943887774,0.9986193329594912,0.0015,0
6,13.026052104208416,0.9984519581058426,0.0015,0
6,13.066132264529058,1.0014121467105142,0.0015,0
6,13.1062124248497,1.0015599758904437,0.0015,0
6,13.14629258517034,0.9962027253590211,0.0015,0
6,13.186372745490981,1.0024678618899352,0.0015,0
6,13.226452905811623,0.9973834916881602,0.0015,0
6,13.266533066132263,1.0002583085621215,0.0015,0
6,13.306613226452905,1.0002755833279895,0.0015,0
6,13.346693386773547,0.99736036602997,0.0015,0
6,13.386773547094188,0.999629351267672,0.0015,0
6,13.426853707414828,0.998765134356568,0.0015,0
6,13.46693386773547,0.9997963047016729,0.0015,0
6,13.507014028056112,0.9993505325341279,0.0015,0
6,13.547094188376754,1.0008400359632015,0.0015,0
6,13.587174348697394,0.9992008639107127,0.0015,0
6,13.627254509018035,0.9988793718979528,0.0015,0
6,13.667334669338677,1.0008198221142497,0.0015,0
6,13.707414829659317,1.0000919291871613,0.0015,0
6,13.747494989979959,1.0003656724949095,0.0015,0
6,13.7875751503006,0.9983186369185748,0.0015,0
6,13.827655310621243,0.9977960730840129,0.0015,0
6,13.867735470941883,0.9985616574752841,0.0015,0
6,13.907815631262524,0.9985320413846922,0.0015,0
6,13.947895791583166,1.0006932997296532,0.0015,0
6,13.987975951903808,1.001029333208515,0.0015,0
6,14.028056112224448,0.9993845804867127,0.0015,0
6,14.06813627254509,1.0018160685294004,0.0015,0
6,14.108216432865731,1.0017752356338878,0.0015,0
6,14.148296593186371,1.0001408305383606,0.0015,0
6,14.188376753507013,0.9985963853572367,0.0015,0
6,14.228456913827655,1.0022459998460018,0.0015,0
6,14.268537074148297,0.9998452721993335,0.0015,0
6,14.308617234468937,1.0001799911654499,0.0015,0
6,14.348697394789578,0.9995352929565419,0.0015,0
6,14.38877755511022,0.9987639142816946,0.0015,0
6,14.428857715430862,0.9979494123015774,0.0015,0
6,14.468937875751502,1.00115524842083,0.0015,0
6,14.509018036072144,0.9990841523236228,0.0015,0
6,14.549098196392785,1.0049015232103728,0.0015,0
6,14.589178356713425,0.9987356843958977,0.0015,0
6,14.629258517034067,0.9985308173708082,0.0015,0
6,14.669338677354709,1.0012336559616266,0.0015,0
6,14.70941883767535,1.0028133686821745,0.0015,0
6,14.74949899799599,1.0006665613589105,0.0015,0
6,14.789579158316633,1.0014775816813337,0.0015,0
6,14.829659318637274,0.9979026367578056,0.0015,0
6,14.869739478957916,0.9996995659784187,0.0015,0
6,14.909819639278556,0.9991523587395387,0.0015,0
6,14.949899799599198,0.9979661754600879,0.0015,0
6,14.98997995991984,1.0010291298729106,0.0015,0
6,15.03006012024048,0.9975332286354966,0.0015,0
6,15.070140280561121,0.9989568252277358,0.0015,0
6,15.110220440881763,1.000175760964505,0.0015,0
6,15.150300601202405,0.9997747851312172,0.0015,0
6,15.190380761523045,1.001655166644149,0.0015,0
6,15.230460921843687,1.0015563916967005,0.0015,0
6,15.270541082164328,1.0024747660704765,0.0015,0
6,15.31062124248497,1.0022972224694102,0.0015,0
6,15.35070140280561,1.002912932599802,0.0015,0
6,15.390781563126252,1.0012303471956232,0.0015,0
6,15.430861723446894,1.0017183405815806,0.0015,0
6,15.470941883767534,1.0020586915585283,0.0015,0
6,15.511022044088175,1.0015305155687904,0.0015,0
6,15.551102204408817,1.000747142880642,0.0015,0
6,15.591182364729459,1.0008674364439596,0.0015,0
6,15.631262525050099,1.0001611606455285,0.0015,0
6,15.67134268537074,1.0020395258913946,0.0015,0
6,15.711422845691382,1.0012838593269293,0.0015,0
6,15.751503006012024,1.0004460589302702,0.0015,0
6,15.791583166332664,1.000461525196995,0.0015,0
6,15.831663326653306,0.9996514843936218,0.0015,0
6,15.871743486973948,1.002945635970582,0.0015,0
6,15.911823647294588,1.001603680032132,0.0015,0
6,15.95190380761523,1.000198010319064,0.0015,0
6,15.991983967935871,1.0027095576889744,0.0015,0
6,16.03206412825651,1.0006586516047502,0.0015,0
6,16.072144288577153,0.9993902223223479,0.0015,0
6,16.112224448897795,1.0030305139895077,0.0015,0
6,16.152304609218437,1.0006898028864535,0.0015,0
6,16.19238476953908,1.0008769322557707,0.0015,0
6,16.23246492985972,1.0015449548344029,0.0015,0
6,16.27254509018036,1.0031880531265869,0.0015,0
6,16.312625250501,1.001493301960136,0.0015,0
6,16.352705410821642,0.9996517534450238,0.0015,0
6,16.392785571142284,1.0022515507164231,0.0015,0
6,16.432865731462925,1.0006916986812362,0.0015,0
6,16.472945891783567,1.0042326806839144,0.0015,0
6,16.51302605210421,1.001378913801275,0.0015,0
6,16.55310621242485,0.9980060521367672,0.0015,0
6,16.59318637274549,1.0018709066380715,0.0015,0
6,16.63326653306613,1.0042262821918504,0.0015,0
6,16.673346693386772,1.0036460977533823,0.0015,0
6,16.713426853707414,1.0039998212232681,0.0015,0
6,16.753507014028056,0.9996932999404791,0.0015,0
6,16.793587174348698,1.0025591366052888,0.0015,0
6,16.83366733466934,1.0000743428124768,0.0015,0
6,16.873747494989978,1.0014586975980622,0.0015,0
6,16.91382765531062,0.9991763113851428,0.0015,0
6,16.95390781563126,1.0000811278285855,0.0015,0
6,16.993987975951903,0.9999941568800925,0.0015,0
6,17.034068136272545,1.00231577013821,0.0015,0
6,17.074148296593187,1.002127173562082,0.0015,0
6,17.11422845691383,1.0012982836540316,0.0015,0
6,17.154308617234467,0.9988132383324209,0.0015,0
6,17.19438877755511,1.0003261421060938,0.0015,0
6,17.23446893787575,0.999628130312102,0.0015,0
6,17.274549098196392,1.0020045553460646,0.0015,0
6,17.314629258517034,1.0024191497243435,0.0015,0
6,17.354709418837675,1.0021874379548248,0.0015,0
6,17.394789579158317,0.9994202374025847,0.0015,0
6,17.43486973947896,0.9963932580678254,0.0015,0
6,17.474949899799597,0.9978009557518305,0.0015,0
6,17.51503006012024,1.002532095748391,0.0015,0
6,17.55511022044088,0.9997455123512489,0.0015,0
6,17.595190380761522,0.9991685977400773,0.0015,0
6,17.635270541082164,1.0027055836565297,0.0015,0
6,17.675350701402806,1.0020859290320556,0.0015,0
6,17.715430861723448,1.0001712145542003,0.0015,0
6,17.755511022044086,0.999640615078946,0.0015,0
6,17.795591182364728,0.9998286416792647,0.0015,0
6,17.83567134268537,1.0003135768049127,0.0015,0
6,17.87575150300601,1.0023189777961186,0.0015,0
6,17.915831663326653,1.0004987872218205,0.0015,0
6,17.955911823647295,1.0009004834416129,0.0015,0
6,17.995991983967937,1.0015119428823112,0.0015,0
6,18.036072144288575,0.9979504346728892,0.0015,0
6,18.076152304609217,1.0007845343017037,0.0015,0
6,18.11623246492986,0.9991581311620535,0.0015,0
6,18.1563126252505,0.9957741020011556,0.0015,0
6,18.196392785571142,0.9963048356096209,0.0015,0
6,18.236472945891784,0.9979194094608436,0.0015,0
6,18.276553106212425,1.0001936328627392,0.0015,0
6,18.316633266533067,0.9995184901274321,0.0015,0
6,18.356713426853705,0.9995761776390198,0.0015,0
6,18.396793587174347,1.0021787859695133,0.0015,0
6,18.43687374749499,0.9973024470149895,0.0015,0
6,18.47695390781563,0.999119669526449,0.0015,0
6,18.517034068136272,0.9995732969655011,0.0015,0
6,18.557114228456914,0.9979692013021776,0.0015,0
6,18.597194388777556,0.9990742672520961,0.0015,0
6,18.637274549098194,0.9965912722907714,0.0015,0
6,18.677354709418836,1.0010667802917972,0.0015,0
6,18.717434869739478,0.9978915801547577,0.0015,0
6,18.75751503006012,1.0019245886639168,0.0015,0
6,18.79759519038076,0.9987937160326599,0.0015,0
6,18.837675350701403,1.0003509450101442,0.0015,0
6,18.877755511022045,0.9986968889782711,0.0015,0
6,18.917835671342683,0.9987002890689025,0.0015,0
6,18.957915831663325,0.9978415446599501,0.0015,0
6,18.997995991983966,0.9988691179949426,0.0015,0
6,19.03807615230461,0.9991419683261848,0.0015,0
6,19.07815631262525,0.9974648483981565,0.0015,0
6,19.118236472945892,0.9984316938228858,0.0015,0
6,19.158316633266534,0.9976839232802053,0.0015,0
6,19.198396793587175,1.0020301917906849,0.0015,0
6,19.238476953907814,0.9984295603933978,0.0015,0
6,19.278557114228455,1.0008673237965304,0.0015,0
6,19.318637274549097,0.9982432382512118,0.0015,0
6,19.35871743486974,0.9989146931156071,0.0015,0
6,19.39879759519038,0.9965347132981709,0.0015,0
6,19.438877755511022,0.9978390677666436,0.0015,0
6,19.478957915831664,0.9988203245718629,0.0015,0
6,19.519038076152302,1.000880309555807,0.0015,0
6,19.559118236472944,0.9988329987174923,0.0015,0
6,19.599198396793586,1.0005762669878189,0.0015,0
6,19.639278557114228,0.9994643823032522,0.0015,0
6,19.67935871743487,1.0009489297683725,0.0015,0
6,19.71943887775551,0.9984257346095715,0.0015,0
6,19.759519038076153,1.0021080248597791,0.0015,0
6,19.79959919839679,0.9978049011682267,0.0015,0
6,19.839679358717433,0.997395505885095,0.0015,0
6,19.879759519038075,0.9967442052182479,0.0015,0
6,19.919839679358716,1.0020717718202676,0.0015,0
6,19.95991983967936,0.9998222003140816,0.0015,0
6,20.0,0.9981114627915667,0.0015,0
